Flight;Time;Length;Airline;AirportFrom;AirportTo;DayOfWeek;Class
23130;12960;1410;DL;ATL;HOU;1;0
69480;3600;1460;OO;COS;ORD;4;0
12470;11700;1430;B6;BOS;CLT;3;0
310;14100;3440;US;OGG;PHX;6;0
5630;6920;980;FL;BMI;ATL;4;0
36920;5800;600;WN;MSY;BHM;4;0
11350;6900;2390;CO;EWR;DFW;4;0
13000;12100;800;AA;DFW;MEM;3;0
5870;12950;1050;FL;BWI;GRR;7;0
7640;5300;1080;FL;ATL;PBI;3;0
11470;11030;1210;FL;CRW;MCO;4;0
14400;9510;790;B6;LGB;SFO;7;0
66050;12150;1020;OO;BIS;DEN;4;0
26700;11890;1100;YV;CLT;MEM;4;0
10150;6150;1420;US;IAH;CLT;4;0
70320;7710;700;OO;LAX;YUM;2;0
1380;9480;1160;FL;JAX;BWI;5;0
54110;9660;1340;EV;ATL;HPN;7;0
25170;11600;1270;XE;SAV;EWR;4;0
37210;7500;1190;9E;CLE;JFK;1;0
4430;6930;1930;FL;FLL;MKE;4;0
16890;7200;850;WN;SAN;OAK;6;0
24950;7900;1100;XE;BHM;IAH;3;0
29150;8650;640;XE;ROC;CLE;7;0
63040;8550;880;OH;DTW;SYR;3;0
9690;9710;460;UA;STT;SJU;6;0
10680;11050;2050;B6;AUS;JFK;5;0
67230;9450;820;OH;DCA;BDL;6;0
5670;5990;2460;US;PHX;MCO;4;0
30050;13500;450;MQ;LAX;SAN;4;0
15780;7400;1200;DL;EYW;ATL;1;0
6630;5020;2540;UA;DCA;DEN;5;0
10480;8350;1410;US;DFW;CLT;1;0
12140;6000;1170;US;CLT;DTW;4;0
22510;3680;1180;XE;IND;EWR;1;0
27730;5200;670;YV;PHX;PSP;6;0
63210;8200;1000;OH;JFK;DCA;7;0
5360;4210;1320;UA;ORD;LGA;1;0
11550;8250;1690;CO;PBI;EWR;6;0
24520;7350;1690;XE;EWR;STL;3;0
5930;10710;2890;UA;BOS;DEN;5;0
51170;5250;850;EV;ATL;FAY;4;0
1520;11340;2570;UA;SFO;ORD;7;0
2390;4250;1750;CO;MIA;EWR;1;0
41090;8450;850;MQ;DSM;ORD;6;0
16980;3300;770;DL;JAX;ATL;4;0
27440;7150;2190;DL;SAN;MSP;3;0
65440;10190;1020;OH;JFK;BUF;3;0
4550;13620;930;UA;SFO;LAS;6;0
77710;5950;810;OO;SLC;SGU;1;0
8450;4200;1650;WN;PHL;MCO;2;0
48650;4600;850;OO;BZN;SLC;7;0
40560;3950;800;9E;GRB;MSP;5;0
33340;6050;1350;MQ;DFW;GJT;2;0
27220;300;2280;DL;PHX;DTW;1;0
68500;5260;790;OO;MBS;ORD;7;0
30420;8750;450;MQ;SBA;LAX;5;0
1840;4100;850;UA;LAX;SFO;6;0
54230;6600;770;EV;ATL;VPS;2;0
26020;4200;720;YV;SAV;CLT;7;0
27560;6850;1550;MQ;TYS;DFW;4;0
40640;8150;800;MQ;ORD;CLE;5;0
45810;3600;1100;MQ;CLT;LGA;1;0
46360;11650;640;OO;MSP;FAR;5;0
63530;12910;750;OO;DEN;RKS;5;0
9360;8550;800;WN;BWI;BOS;7;0
64250;9460;1310;OO;SAT;DEN;2;0
70;10180;920;B6;BUF;JFK;6;0
12370;8900;1100;DL;RIC;ATL;2;0
6670;12670;2170;CO;SEA;ANC;1;0
2880;5300;650;WN;BWI;BUF;3;0
5820;4250;1440;AS;PDX;SNA;4;0
5360;12500;1530;AS;SEA;ONT;2;0
3290;11540;1190;UA;DEN;PHX;3;0
6740;9800;800;WN;LAS;RNO;1;0
36470;10500;750;MQ;MIA;JAX;6;0
7800;4500;1900;WN;LAS;STL;3;0
10790;7050;1230;US;DCA;JAX;5;0
70850;5030;880;EV;IAD;GSP;3;0
24390;6600;1100;DL;DCA;ATL;2;0
30040;4450;1600;MQ;DEN;LAX;4;0
23640;8450;3250;DL;HNL;LAX;2;0
42430;3450;1470;9E;BDL;CVG;7;0
42540;8000;900;9E;MOT;MSP;6;0
7400;3630;2370;B6;PSE;JFK;2;0
14020;4600;600;WN;FLL;TPA;1;0
13100;10400;850;DL;IND;DTW;5;0
5090;13050;1830;UA;DEN;SEA;1;0
1600;4450;1510;UA;PDX;DEN;1;0
5500;10300;1500;AA;LAS;DFW;7;0
64970;3810;690;OO;CPR;DEN;4;0
66450;8250;790;OH;DTW;LEX;2;0
18270;10300;2250;AA;DFW;SMF;1;0
71150;10280;870;EV;IAD;CAE;6;0
6550;5400;2500;AA;JFK;STT;6;0
24580;4900;1630;DL;PBI;LGA;5;0
10420;5250;2470;DL;SNA;ATL;1;0
2660;12700;1400;F9;DEN;SNA;7;0
66860;3700;730;OH;STL;CVG;3;0
18220;8750;1300;AA;DFW;DAY;7;0
39810;8000;1300;9E;CVG;MSP;2;0
5900;6200;600;WN;LAX;LAS;2;0
9650;10260;2070;UA;IAD;IAH;6;0
18310;3600;1080;DL;PDX;SLC;6;0
25300;6000;1620;DL;MSP;BOS;3;0
14240;4250;850;WN;SFO;SAN;3;0
4900;3300;1820;CO;SLC;IAH;1;0
4950;3950;950;WN;LAS;SFO;1;0
29240;3750;1480;YV;AUS;PHX;6;0
12850;10760;1100;DL;ATL;PBI;1;0
12350;10500;750;WN;LAX;OAK;3;0
3840;5400;600;WN;STL;MDW;4;0
6550;5000;1950;CO;PIT;IAH;4;0
4610;7950;2120;B6;BOS;RSW;5;0
12230;5150;1590;US;DCA;PBI;4;0
45280;5150;1260;OO;SLC;OAK;5;0
73050;3850;670;EV;HSV;MEM;3;0
3320;4250;500;HA;HNL;ITO;1;0
50610;9070;1090;EV;SGF;ATL;5;0
37760;4500;1450;MQ;MSY;ORD;4;0
68690;12240;530;OO;DEN;GJT;5;0
7960;3730;690;UA;RDU;IAD;2;0
14800;4350;2690;DL;SFO;ATL;4;0
10470;10350;920;US;DCA;CLT;4;0
18260;12250;700;AA;DFW;ICT;3;0
9350;9800;3590;UA;LAX;HNL;4;0
63520;11510;1640;OH;MEM;EWR;7;0
23240;5100;1170;DL;ATL;BWI;2;0
24590;4550;1200;WN;DEN;LAS;5;0
20410;5000;1650;AA;DCA;MIA;6;0
2770;10500;420;HA;KOA;HNL;4;0
27630;7350;810;YV;ELP;PHX;2;0
22020;10550;1750;AA;SJU;MIA;2;0
63810;12650;790;OH;JFK;BOS;7;0
23470;5550;1770;XE;MSP;IAH;7;0
28960;9400;740;XE;JAN;IAH;6;0
16300;8050;1390;CO;IAH;PBI;3;0
14960;600;1630;CO;LAS;IAH;2;0
15610;4950;1500;CO;PHX;IAH;4;0
20460;3750;620;XE;AEX;IAH;5;0
11810;8800;1150;WN;ELP;LAS;1;0
4750;4450;1750;AA;EWR;ORD;5;0
45170;11100;1100;MQ;LGA;CRW;7;0
1020;9860;1470;FL;ATL;DFW;6;0
42230;3600;1250;MQ;ROC;ORD;5;0
7890;11050;980;US;PHL;RDU;5;0
8100;9900;920;FL;BOS;BWI;5;0
11810;3600;1100;DL;RSW;ATL;6;0
67180;4200;1050;OH;MDT;CVG;4;0
71380;10250;910;EV;IAD;MHT;5;0
63300;4300;510;OO;GUC;DEN;6;0
62640;7650;620;OO;SFO;FAT;3;0
11720;5650;2050;AA;PHX;ORD;5;0
31100;4750;780;OO;MKE;CAK;6;0
70790;8650;830;EV;CAE;IAD;5;0
1800;13950;2700;B6;PHX;JFK;7;0
5860;10720;1050;FL;GRR;BWI;2;0
10;5950;5490;UA;ORD;HNL;3;0
6380;8900;740;US;PHX;ONT;4;0
72570;10600;770;YV;DTW;ORD;2;0
63470;7670;350;OO;DEN;COS;7;0
6670;6100;1460;FL;ATL;HPN;3;0
7550;8600;1050;WN;STL;DAL;3;0
46530;10530;1450;OO;FAR;SLC;4;0
33680;5100;800;MQ;LIT;DFW;2;0
25450;4900;1300;AA;OMA;DFW;7;0
53120;5350;620;EV;ATL;TYS;1;0
16020;5700;750;AA;DFW;ICT;7;0
8680;4200;1560;FL;MSP;ATL;3;0
15920;3900;1150;US;ATL;PHL;3;0
45320;6600;950;MQ;BNA;DCA;3;0
29750;9750;500;MQ;DFW;ABI;3;0
3120;10350;820;UA;IAD;BDL;4;0
10390;7850;1050;AA;ATL;MIA;5;0
55770;6580;860;EV;EVV;ATL;2;0
68220;8450;690;OO;RDD;SFO;5;0
30180;5730;1050;XE;DTW;EWR;3;0
20040;9400;1850;AA;ORD;MIA;4;0
9880;12050;500;WN;OKC;DAL;5;0
28110;7750;760;XE;IAH;MOB;4;0
10370;7550;470;YV;ITO;HNL;4;0
25780;3750;1200;DL;SAN;SLC;7;0
47670;6050;1100;OO;MSP;SDF;7;0
3430;10300;1750;AA;LGA;ORD;3;0
29720;10500;800;WN;SJC;SAN;6;0
10270;8350;1450;US;MCO;PHL;4;0
15870;4150;650;WN;LBB;DAL;4;0
50320;8550;510;EV;CSG;ATL;4;0
24510;8750;1490;XE;STL;EWR;5;0
51850;5950;670;EV;ATL;SAV;3;0
19210;3600;1850;AA;EWR;MIA;1;0
68370;9410;1540;OO;SEA;LAX;7;0
63090;10900;500;OO;LAX;PSP;5;0
39210;8550;1160;9E;MEM;CLE;4;0
8160;11900;870;US;CLT;MDT;7;0
21320;4600;780;XE;IAH;LIT;4;0
20460;3750;620;XE;AEX;IAH;4;0
19380;4700;750;WN;OAK;ONT;5;0
210;9490;2260;UA;PIT;DEN;7;0
7830;4750;800;FL;PHF;LGA;2;0
9310;11300;1950;WN;DEN;RDU;7;0
4000;9340;1540;UA;SEA;DEN;6;0
10890;13050;1040;DL;SLC;SMF;4;0
73230;5900;680;EV;ATL;SAV;6;0
16920;9500;1300;WN;PDX;LAS;2;0
12170;10600;2710;DL;DTW;LAS;5;0
37140;8200;1150;9E;DSM;DTW;4;0
17160;8400;1650;AA;DFW;BWI;5;0
11090;9000;820;US;CLT;JAX;4;0
5360;12500;1530;AS;SEA;ONT;7;0
22740;10450;600;AA;DFW;TUL;5;0
8270;9800;800;WN;ABQ;DEN;4;0
52370;10150;1050;EV;DCA;BOS;4;0
12900;13050;1230;DL;ATL;DTW;2;0
69480;4100;630;OO;SMF;ACV;4;0
6840;6000;2150;AA;AUS;JFK;6;0
21930;13100;990;DL;DTW;BNA;5;0
18410;4250;1670;DL;DTW;TPA;4;0
310;14100;3440;US;OGG;PHX;7;0
51360;4200;970;EV;FAY;ATL;4;0
29760;10650;500;MQ;ABI;DFW;4;0
70380;4330;1230;OO;MSO;DEN;7;0
2960;5820;1790;CO;LAS;IAH;4;0
13700;6900;950;WN;MKE;MCI;4;0
19780;9510;950;AA;MFE;DFW;4;0
9860;4200;1450;US;FLL;DCA;3;0
15880;10150;800;AA;DFW;MSY;1;0
33330;10100;550;WN;AUS;DAL;1;0
1710;13350;1020;FL;ATL;RSW;3;0
11520;14100;2990;DL;HNL;SFO;2;0
25210;11650;1370;XE;STL;EWR;1;0
6070;7420;2530;FL;SFO;MKE;3;0
30450;10850;1550;XE;IND;IAH;7;0
19800;3700;1100;DL;GEG;SLC;4;0
770;5400;1080;FL;ATL;FLL;1;0
15500;4200;1880;DL;LAS;MSP;3;0
11770;6050;1320;US;LGA;CLT;4;0
10190;4000;1850;AA;CLT;DFW;3;0
3530;11800;1550;AA;LGA;ORD;2;0
64360;11350;1000;OH;CVG;ORD;7;0
3370;3600;1370;UA;PHL;ORD;3;0
18220;6950;1220;US;CLT;BOS;2;0
5920;4600;1150;AA;COS;DFW;5;0
16870;11990;2000;AA;JFK;MIA;6;0
53850;3950;1190;EV;CLT;MEM;7;0
5110;10800;1700;AS;SNA;SEA;2;0
20190;11500;1700;AA;LGA;STL;1;0
65820;8330;830;OO;SFO;PSP;6;0
65690;4800;890;OH;MSN;CVG;4;0
9380;9550;1440;UA;DEN;ORD;1;0
35040;5000;1050;WN;TPA;MSY;3;0
6530;11450;1380;UA;ORD;PVD;2;0
19740;3750;1180;DL;PHF;ATL;2;0
47020;7800;1060;OO;LGB;SLC;6;0
19850;3500;1140;DL;DAY;ATL;5;0
5960;9750;1010;US;RNO;PHX;6;0
39530;5650;1340;9E;MSP;OKC;4;0
59210;5170;940;XE;IAD;TYS;5;0
66980;4770;1450;OO;PDX;DEN;3;0
14570;8000;1210;US;CLT;FLL;7;0
15920;10300;700;WN;MCO;ECP;7;0
45790;9450;1250;MQ;LGA;CLT;3;0
67610;8250;1720;OH;CVG;IAH;4;0
1920;12700;730;US;PHX;SAN;2;0
9140;4730;2940;UA;SFO;IAD;3;0
35860;8600;800;WN;PVD;BWI;5;0
12800;7200;1300;US;RSW;DCA;6;0
23230;3700;1020;XE;ALB;CLE;1;0
2630;8700;1090;FL;MKE;DCA;7;0
560;7170;2380;FL;LAX;ATL;6;0
22460;9420;560;XE;AUS;IAH;7;0
7310;6150;2550;AA;LGA;DFW;4;0
7860;11990;810;FL;LGA;PHF;1;0
27250;8650;1670;DL;MSP;AUS;4;0
17860;8000;1600;AA;TPA;JFK;5;0
12890;11950;1000;B6;BOS;RIC;1;0
39190;8400;1150;MQ;LIT;ORD;4;0
28080;7100;1200;WN;DEN;STL;5;0
19290;4550;900;AA;SFO;LAX;1;0
4670;8840;1210;FL;BWI;ATL;1;0
18840;7200;1510;US;TPA;PHL;7;0
48230;6900;1030;OO;SLC;FAT;6;0
12960;5650;1200;AA;DFW;ATL;1;0
12570;11100;1010;B6;BOS;IAD;4;0
3230;13060;360;HA;HNL;LIH;5;0
67620;4350;1290;OH;OKC;MSP;2;0
47770;10100;1030;OO;SLC;ABQ;1;0
40100;8900;1350;MQ;CLT;ORD;2;0
72490;6660;1090;YV;ORD;CLT;6;0
54960;10200;1040;EV;CHO;ATL;3;0
1120;3650;1390;UA;ONT;DEN;7;0
1040;3940;300;HA;LIH;HNL;3;0
16860;12750;2900;CO;SNA;EWR;2;0
25350;7750;2110;DL;LGA;MSY;3;0
32430;13550;750;MQ;DFW;JAN;7;0
18530;5100;1700;CO;CLE;RSW;2;0
5510;6150;1700;AS;PSP;SEA;4;0
18400;10900;890;US;CLT;PIT;7;0
8720;6800;1460;FL;MSP;ATL;1;0
49670;10400;1070;EV;ATL;BMI;5;0
39460;3750;1180;9E;MSN;MEM;6;0
40110;6250;490;9E;LAN;DTW;5;0
18710;6600;1800;AA;DFW;LAS;4;0
26520;3650;1570;XE;LEX;IAH;6;0
59910;3600;1050;XE;XNA;ORD;1;0
68860;4970;590;OO;GJT;DEN;5;0
15840;8200;3150;DL;SNA;JFK;4;0
3890;6100;500;WN;SAT;HOU;1;0
71040;6200;730;EV;CMH;IAD;2;0
6330;7900;3100;AA;SJU;DFW;1;0
5860;10720;1050;FL;GRR;BWI;7;0
8990;10200;2250;WN;DEN;BDL;4;0
36650;3900;1800;MQ;PIT;MIA;5;0
300;14250;3140;AA;LAX;JFK;5;0
9350;9800;3590;UA;LAX;HNL;2;0
23210;7050;1590;XE;CVG;IAH;3;0
880;8700;3290;UA;SFO;EWR;3;0
26280;7700;540;YV;GSO;CLT;3;0
47770;7950;920;OO;PSC;SLC;2;0
560;5590;760;B6;JFK;BTV;3;0
30720;6450;740;OO;MKE;STL;3;0
18490;8960;1040;DL;CMH;ATL;2;0
63370;6830;580;OO;DEN;GJT;1;0
15150;4900;1370;US;SYR;CLT;4;0
43610;7100;1350;9E;PIT;MEM;2;0
16750;4650;1580;CO;CLE;TPA;4;0
64440;7500;1090;OH;AVL;DTW;4;0
11970;8200;3160;US;PHL;PHX;5;0
6180;8350;750;WN;LAX;OAK;4;0
7230;8700;1000;WN;MHT;BWI;7;0
10020;6000;950;AA;DFW;STL;7;0
33040;11750;500;MQ;GRK;DFW;1;0
66930;7420;1410;OO;MCI;IAD;3;0
26330;12250;720;YV;CLT;SAV;5;0
12470;6800;2650;AA;ORD;LAX;7;0
44650;9600;700;MQ;LGA;BOS;5;0
18570;4850;2250;AA;BWI;SJU;2;0
17810;8800;1450;US;BOS;CLT;2;0
29850;12600;1240;XE;EWR;DTW;1;0
32590;7050;1500;MQ;DFW;FAY;6;0
830;4800;2210;AS;SEA;ANC;4;0
33910;3650;600;MQ;TXK;DFW;7;0
65720;6530;1380;OO;PDX;LAX;3;0
2600;3900;1250;FL;DCA;MKE;5;0
65900;6150;1360;OO;DEN;MEM;1;0
11570;3600;1100;DL;CMH;ATL;6;0
22220;5650;2100;AA;SFO;DFW;3;0
51040;11550;850;EV;ATL;MOB;1;0
25400;3600;1550;DL;DEN;CVG;7;0
15480;8850;1700;AA;DFW;DCA;7;0
46540;5850;1650;MQ;LGA;ATL;5;0
67350;7920;1120;OO;MSO;DEN;3;0
12340;5200;1220;DL;SLC;SNA;6;0
32210;9250;1650;MQ;MKE;DFW;4;0
48440;10250;990;OO;SLC;RAP;6;0
16920;6320;1580;DL;TPA;DTW;5;0
8640;13590;800;UA;LAX;LAS;6;0
45730;6100;1800;MQ;XNA;LGA;3;0
810;5450;3340;UA;LAX;HNL;6;0
12770;7850;1040;US;IND;PHL;7;0
29650;4600;850;MQ;LRD;DFW;4;0
27750;6590;1140;YV;PHX;MRY;4;0
36810;9810;1120;9E;ABE;DTW;3;0
28770;12000;1940;XE;EWR;MSP;7;0
3180;10600;1000;WN;MKE;MCI;3;0
50320;7900;430;EV;ATL;CSG;7;0
73040;7370;1160;YV;IAD;JAX;7;0
47920;5350;880;OO;SLC;RNO;5;0
42920;8900;1100;9E;LWB;JFK;7;0
54870;9100;650;EV;ATL;BNA;4;0
65600;6920;1340;OO;AUS;DEN;1;0
14330;6000;3310;US;CLT;LAX;3;0
11400;3600;650;AA;SAT;DFW;4;0
45320;6600;950;MQ;BNA;DCA;3;0
41860;9210;660;9E;ERI;DTW;5;0
5200;9000;2000;AA;SMF;DFW;3;0
6170;7550;1950;AA;DFW;SAN;6;0
20270;5400;930;US;BOS;DCA;5;0
66700;10710;1510;OO;ORD;DFW;4;0
18900;10200;2300;AA;LAX;ORD;1;0
6730;6650;3670;B6;JFK;LAX;2;0
1530;4050;1150;WN;LAS;DEN;1;0
1800;12200;910;UA;SNA;SFO;1;0
59920;10980;600;XE;GRB;ORD;4;0
53850;3950;1190;EV;CLT;MEM;3;0
11030;5900;650;AA;ORD;STL;2;0
4710;9900;950;US;LAS;SFO;3;0
73710;5650;740;EV;MEM;SHV;3;0
10190;6000;1310;US;CLT;MIA;5;0
71190;3600;760;EV;LGA;IAD;7;0
63420;12470;480;OO;SAN;LAX;4;0
3030;6050;1250;AS;SFO;SEA;5;0
9200;5200;1550;UA;IAH;ORD;1;0
28560;13500;3190;DL;SAN;JFK;5;0
17690;4200;820;DL;ATL;MCO;4;0
21490;3900;580;XE;DAL;IAH;3;0
510;9900;580;AS;ANC;FAI;3;0
65080;6370;2030;OO;SFO;AUS;5;0
42910;7500;840;9E;TYS;MEM;2;0
8150;4200;930;F9;DEN;MCI;5;0
22850;9270;1620;DL;BDL;ATL;5;0
14300;11900;1010;FL;BOS;PHF;2;0
63910;10840;930;OO;TUS;LAX;7;0
11700;8950;870;US;CLT;PIT;7;0
45830;7000;890;OO;DEN;SLC;3;0
13080;4000;1420;DL;AUS;ATL;2;0
59500;3700;650;XE;ROA;IAD;4;0
2240;5350;2500;FL;MKE;LAS;3;0
14770;6250;550;AA;DFW;AUS;7;0
28020;4800;1850;DL;MIA;DTW;6;0
14370;3850;1420;CO;TPA;IAH;4;0
46630;6600;830;OO;BIS;MSP;5;0
31630;9200;800;MQ;LAX;SJC;1;0
14970;6950;1710;DL;MSP;ABQ;4;0
42600;5300;1390;9E;PVD;DTW;2;0
29210;4000;1580;DL;PIT;MSP;2;0
65030;9500;1050;OH;JFK;IAD;7;0
1540;11300;700;WN;BWI;RDU;7;0
43200;10250;1350;MQ;OKC;ORD;5;0
66610;10020;330;OO;MOD;SFO;5;0
3790;5100;1480;UA;IAD;MCO;2;0
21830;10200;760;US;LGA;DCA;7;0
4760;8000;2500;CO;SJU;EWR;5;0
59430;12050;490;XE;ORD;PIA;5;0
240;7550;3000;HA;OGG;OAK;2;0
7320;3700;2420;UA;SEA;ORD;3;0
15780;8650;950;AA;DFW;STL;2;0
730;4550;1070;AS;JNU;ANC;6;0
9380;10400;800;WN;LAX;SMF;2;0
9580;10850;1490;FL;FLL;BWI;2;0
34780;6050;800;MQ;LIT;DFW;5;0
2870;5200;3840;CO;EWR;SNA;5;0
5590;5870;2250;DL;ATL;SJU;6;0
90;13050;1460;UA;DEN;SAN;1;0
7830;4840;800;FL;PHF;LGA;5;0
340;11800;850;US;PHX;LAX;2;0
17140;13800;2400;DL;ONT;ATL;5;0
5800;10250;850;F9;SLC;DEN;5;0
66700;4130;650;OO;SBP;SFO;2;0
1950;14350;570;AS;ANC;FAI;3;0
6130;12400;1540;AS;LAS;SEA;1;0
9760;13500;850;US;CLT;IAD;6;0
730;5290;3160;UA;SFO;HNL;7;0
64310;5770;480;OO;SBA;LAX;5;0
8920;4200;1100;WN;BHM;BWI;2;0
46090;10060;1250;OO;SLC;OAK;2;0
610;8130;470;AS;CDV;ANC;2;0
22230;850;2700;DL;ANC;SLC;2;0
51000;9760;720;EV;ATL;LEX;5;0
21440;11350;670;XE;ROC;CLE;2;0
15990;13190;1070;DL;ATL;PIT;2;0
2040;5560;3140;B6;LGB;JFK;5;0
2190;8810;3680;UA;IAD;SFO;5;0
6110;9500;1650;AS;LAS;SEA;6;0
14920;4750;1840;DL;PHX;MSP;1;0
8790;4250;700;AA;TUL;DFW;4;0
48440;10250;990;OO;SLC;RAP;4;0
59250;7860;960;XE;FSD;ORD;1;0
6200;10550;1280;AS;PDX;LAS;4;0
19290;4550;900;AA;SFO;LAX;4;0
53170;6930;760;EV;CAE;ATL;7;0
7790;11250;1200;UA;DEN;LAS;6;0
9020;6850;800;WN;ELP;PHX;5;0
72420;13150;410;YV;ORD;SBN;7;0
36510;12550;1300;MQ;MIA;TYS;2;0
12580;6450;780;DL;ATL;JAX;7;0
16840;10600;1250;AA;BNA;LGA;3;0
1860;9390;3200;UA;SFO;PHL;4;0
8940;5250;850;WN;MSY;TPA;7;0
12820;9190;1660;FL;FNT;TPA;7;0
2310;7450;3380;UA;IAD;SAN;2;0
14940;6600;1550;AA;DFW;FLL;7;0
33040;11750;500;MQ;GRK;DFW;1;0
52620;8350;930;EV;DCA;BOS;7;0
63100;11400;1100;OH;CVG;PHL;2;0
59210;5170;940;XE;IAD;TYS;4;0
270;7620;770;B6;BTV;JFK;3;0
42210;11150;750;MQ;GRB;ORD;7;0
6180;6900;1370;F9;DEN;IND;7;0
17180;5550;1380;CO;MCO;CLE;7;0
15940;7950;1300;WN;RNO;DEN;3;0
28260;10700;1800;MQ;CAE;DFW;5;0
2560;7550;810;US;LAX;PHX;3;0
11650;7500;1150;WN;OAK;PHX;4;0
28470;12000;1590;DL;LGA;ATL;4;0
25380;6200;1100;DL;ATL;DCA;7;0
310;14100;3440;US;OGG;PHX;7;0
19730;11650;1950;AA;MIA;DFW;4;0
43370;11700;1160;9E;ATL;SGF;4;0
35030;7750;1550;WN;BDL;MDW;7;0
29830;3700;1050;XE;ALB;CLE;4;0
30770;12000;1600;XE;EWR;ATL;5;0
2380;13300;2770;UA;SAN;IAD;4;0
22560;7020;1090;XE;AVL;EWR;5;0
37470;8200;1150;9E;MEM;AUS;7;0
5660;10980;1240;UA;ORD;ATL;3;0
46020;10200;950;OO;FCA;SLC;1;0
4660;9430;1770;B6;RSW;BOS;5;0
73350;8710;810;EV;GNV;ATL;5;0
64680;10320;980;OO;OKC;DEN;2;0
25300;3900;960;DL;RAP;MSP;7;0
4300;4300;900;AA;DFW;STL;4;0
26810;4190;860;YV;CVG;CLT;2;0
6730;6000;1570;UA;LGA;ORD;2;0
5550;12350;330;HA;OGG;HNL;5;0
32350;7450;400;MQ;DFW;ACT;5;0
12170;8850;1480;FL;MDW;SRQ;4;0
70780;11690;840;EV;LGA;IAD;4;0
4610;7950;2120;B6;BOS;RSW;1;0
21470;7800;1600;DL;LGA;ATL;1;0
21440;10200;840;XE;EWR;ROC;5;0
21110;8900;1480;DL;ATL;DFW;6;0
64500;4550;1070;OH;MCI;CVG;7;0
48710;4000;1210;OO;BIS;SLC;5;0
1820;8000;3250;DL;SEA;JFK;4;0
25390;6000;1100;DL;DCA;ATL;5;0
39170;6200;600;9E;FWA;DTW;5;0
66920;4800;2230;OH;IAH;JFK;4;0
11760;7150;1000;WN;MHT;PHL;6;0
25990;4200;2120;DL;MSP;PHX;3;0
15380;12200;990;DL;ATL;DCA;5;0
15380;8100;1800;AA;BUR;DFW;4;0
63420;12470;480;OO;SAN;LAX;2;0
28320;9450;1250;MQ;PNS;DFW;4;0
5190;4050;1000;DL;RAP;MSP;3;0
4580;12000;970;US;SLC;PHX;1;0
42380;3850;1040;9E;RST;DTW;1;0
12370;4200;750;WN;MDW;CLE;2;0
52600;5970;1000;EV;ATL;CHO;3;0
16680;8400;600;AA;DFW;TUL;6;0
46480;10930;970;OO;GEG;SLC;2;0
63720;8840;460;OO;SBA;LAX;4;0
11650;9050;2350;AA;PHL;DFW;7;0
67680;11620;880;OO;DEN;JAC;7;0
65470;3850;1510;OO;IAH;ORD;1;0
19540;4850;800;WN;JAN;HOU;6;0
28970;9500;800;WN;ELP;SAT;6;0
11410;7550;1300;WN;LIT;BWI;1;0
73050;5750;710;EV;MEM;STL;3;0
3780;6650;1250;AA;ORD;LGA;4;0
37980;11700;1900;MQ;ORD;ABQ;7;0
9390;11350;1470;UA;DEN;SAN;5;0
6600;4200;2300;AS;SEA;DFW;6;0
5330;4300;760;FL;MEM;ATL;5;0
17680;4900;800;WN;HOU;TUL;6;0
5310;9600;1350;AA;DCA;STL;5;0
45230;9900;800;MQ;BOS;LGA;5;0
3410;5770;490;HA;ITO;HNL;2;0
62950;11300;2300;OO;IAD;COS;5;0
63160;10350;1020;OH;IND;RDU;2;0
3050;7450;1650;FL;DEN;ATL;7;0
68970;4200;2000;OO;BOI;ORD;2;0
28940;7760;590;XE;CRP;IAH;1;0
160;7900;3250;HA;HNL;SAN;2;0
46500;3600;1500;MQ;LGA;ATL;3;0
3010;9850;2780;US;CLT;PHX;1;0
3160;8800;1230;AS;SEA;SFO;3;0
31140;10790;980;XE;LGA;CLE;5;0
5520;5400;1590;AS;SEA;PSP;3;0
21590;9100;1100;XE;MEM;IAH;1;0
40;7450;3350;AA;LAX;JFK;7;0
42700;8150;560;9E;CVG;FWA;4;0
55490;10950;720;EV;AVL;ATL;2;0
62690;10340;1220;OO;SEA;SFO;3;0
880;4650;2690;US;ATL;PHX;2;0
16360;7850;1050;AA;DFW;OMA;5;0
59570;11010;1050;XE;HSV;IAD;4;0
15170;8200;700;AA;SAT;DFW;1;0
6390;11700;1770;CO;MIA;EWR;7;0
70490;3600;480;OO;SEA;PDX;4;0
16970;7300;1450;US;IAH;CLT;3;0
44370;4800;1200;MQ;LGA;CMH;1;0
5550;12350;330;HA;OGG;HNL;4;0
26590;10100;1800;XE;CLE;DFW;5;0
16300;7250;1830;US;DEN;CLT;4;0
350;4800;4000;HA;PHX;HNL;4;0
15890;7450;1050;DL;DTW;BNA;2;0
54950;13050;1050;EV;ATL;BMI;1;0
6530;7750;2030;UA;PHX;ORD;5;0
6000;5700;810;B6;JFK;PWM;7;0
1210;9240;1660;UA;ORD;IAH;2;0
64900;9770;1090;OO;DEN;CID;1;0
21490;3900;590;XE;DAL;IAH;6;0
350;4800;4000;HA;PHX;HNL;2;0
37640;7300;1200;MQ;ORD;PHL;6;0
21700;5650;1000;WN;OKC;DEN;6;0
20200;7430;2210;DL;LAX;MEM;3;0
64540;4550;950;OH;CVG;DCA;7;0
14270;11100;1750;AA;TPA;DFW;1;0
59190;4910;850;XE;IAD;CAE;1;0
20170;13120;2130;DL;ATL;DEN;6;0
41260;12250;1150;MQ;ORD;TRI;5;0
54320;11750;840;EV;MEM;VPS;2;0
10410;4250;1900;AA;BOS;ORD;1;0
21460;11450;900;XE;CLE;ORF;4;0
66150;6770;1200;OO;DEN;GTF;3;0
28070;5700;790;YV;PHX;SNA;1;0
2990;6060;1040;UA;DEN;MCI;3;0
63640;12250;820;OH;CVG;MDT;5;0
4310;13550;2670;US;LAS;PHL;5;0
27460;7450;950;MQ;BRO;DFW;1;0
15590;7650;500;WN;MCO;RSW;5;0
13830;5250;1550;AA;MSP;DFW;3;0
49680;10900;640;EV;HSV;ATL;5;0
11100;4650;1650;WN;MHT;MDW;6;0
65480;3600;540;OO;ATW;ORD;2;0
25280;6200;1350;WN;MCO;PIT;1;0
2860;9980;1790;UA;IAH;IAD;4;0
64520;7750;840;OO;LAX;TUS;6;0
4290;3600;750;FL;PNS;ATL;2;0
66030;8550;1340;OH;MSP;OKC;5;0
27240;6100;850;MQ;DFW;MHK;5;0
2150;8150;850;WN;PHX;BUR;4;0
40410;9200;500;MQ;ORD;BMI;2;0
27200;8900;950;WN;SFO;LAS;3;0
42430;4000;1400;MQ;RDU;ORD;1;0
9490;10770;2490;UA;ORD;LAS;4;0
6440;9150;1400;AA;DFW;CLT;2;0
18130;5200;1140;DL;ATL;STL;3;0
5260;3600;1050;WN;PDX;SJC;2;0
7450;7950;2500;AA;LGA;DFW;6;0
54930;11800;680;EV;MEM;MLU;5;0
13410;4350;2850;AA;ORD;SFO;5;0
2840;9600;3100;AA;HNL;LAX;5;0
44700;9120;660;OO;FAR;MSP;3;0
28330;4550;1200;MQ;DFW;CID;4;0
17930;10550;1710;CO;CMH;IAH;3;0
2640;8380;1250;FL;DCA;MKE;5;0
10720;11250;950;DL;MSY;ATL;4;0
46770;6900;1160;OO;SLC;BUR;7;0
3310;3950;750;WN;PHL;PIT;1;0
5890;10000;550;AA;DFW;OKC;2;0
110;5700;600;WN;DAL;HOU;7;0
32410;9600;800;MQ;LIT;DFW;4;0
65820;9600;930;OO;SFO;CEC;5;0
32420;5750;600;MQ;SHV;DFW;3;0
1000;3850;1250;FL;DFW;ATL;2;0
11930;11540;1130;DL;CLT;DTW;4;0
24750;5700;1400;XE;TYS;IAH;4;0
29490;7750;1210;YV;PHX;TEX;1;0
28590;9500;1900;MQ;FAY;DFW;5;0
44760;7850;630;OO;GJT;SLC;6;0
65910;8900;1280;OH;DCA;IND;6;0
39700;4650;1150;MQ;ORD;BWI;7;0
15330;9850;700;WN;DEN;ABQ;1;0
8460;4930;3700;UA;IAD;SFO;1;0
15550;11800;1450;AA;MIA;SJU;1;0
64460;10600;570;OO;SMX;LAX;5;0
8120;6460;1190;UA;DEN;DFW;4;0
12090;3800;3420;DL;BOS;SLC;1;0
65490;12180;1010;OO;RDM;SFO;1;0
25090;8650;1180;DL;ORF;ATL;4;0
11470;6350;800;DL;GPT;ATL;7;0
1340;6300;2100;WN;DEN;TPA;3;0
29180;13650;600;MQ;DFW;HOU;3;0
23370;4450;1000;DL;BWI;DTW;4;0
43720;4300;1700;MQ;BDL;ORD;5;0
2030;8850;3500;AA;MIA;LAX;3;0
430;5400;3400;HA;SJC;HNL;6;0
14090;10700;1220;US;PHX;SFO;7;0
5060;3600;1200;UA;SFO;PHX;5;0
7770;11760;3610;B6;BOS;LAS;5;0
5410;4050;1780;US;DFW;LAS;1;0
6650;9950;1600;F9;DEN;SFO;3;0
19620;11650;470;YV;ITO;HNL;7;0
45280;10100;1000;MQ;CLE;LGA;1;0
26640;11750;1780;DL;DTW;PBI;4;0
8070;5000;790;FL;BWI;BOS;4;0
330;8400;3620;US;HNL;PHX;6;0
41370;13050;510;9E;DTW;MBS;4;0
2250;12200;1030;AS;SFO;PDX;7;0
10940;11350;1650;DL;ATL;MSP;6;0
9430;4200;850;US;ORF;CLT;3;0
39260;5950;1350;WN;HOU;ABQ;3;0
16700;9750;1100;US;CLT;PVD;7;0
16040;10300;1930;DL;SLC;BNA;4;0
27390;4790;1270;DL;DCA;ATL;7;0
4570;4200;650;AA;MCO;MIA;4;0
41190;4900;1150;MQ;ORD;LIT;4;0
14750;6200;1900;AA;RDU;DFW;5;0
52850;12270;1040;EV;ATL;LIT;5;0
640;10820;1130;AS;KTN;SEA;3;0
41700;6050;1100;MQ;ORD;SYR;2;0
15890;7500;1750;WN;BWI;MCI;4;0
23030;5100;1670;XE;CLT;IAH;7;0
2260;3600;3420;UA;SFO;BOS;1;0
13340;5300;2850;WN;MDW;SMF;7;0
10920;8000;1490;CO;IAH;CMH;5;0
6330;8950;1870;AS;PHX;SEA;1;0
43870;8100;650;MQ;DCA;RDU;4;0
3490;6000;720;US;ONT;PHX;3;0
59040;7480;1590;XE;BTV;ORD;3;0
7440;6840;1840;B6;SJU;MCO;3;0
9390;7750;750;FL;JAX;ATL;1;0
27250;12680;670;YV;PHX;PSP;5;0
5000;7700;1200;UA;SFO;PHX;2;0
720;5810;1390;B6;MCO;JFK;2;0
49470;9950;710;EV;CAE;ATL;1;0
27340;3500;500;MQ;ABI;DFW;7;0
18420;8250;660;US;PHL;PVD;3;0
33060;6700;1800;MQ;CAE;DFW;6;0
10920;3900;650;WN;MDW;STL;4;0
6380;9900;1750;WN;MCO;MKE;2;0
17890;4000;850;AA;ICT;DFW;1;0
150;5500;3650;HA;SAN;HNL;3;0
42530;4800;1150;MQ;ORD;ICT;3;0
8610;10400;2750;WN;MDW;LAX;7;0
43160;7350;1200;MQ;ORD;TUL;4;0
66170;9100;620;OO;DEN;RAP;5;0
22290;5000;2000;AA;MIA;DFW;3;0
8860;7900;1050;UA;SFO;LAS;3;0
27210;10650;500;MQ;DFW;ABI;5;0
4080;4700;2050;CO;IAH;EWR;4;0
13760;5700;740;DL;LGA;BOS;2;0
26820;5490;1020;YV;CLT;SYR;4;0
6950;9450;2600;AA;JFK;AUS;2;0
11200;6250;960;US;MCO;CLT;3;0
12620;3600;1690;US;MIA;PHL;3;0
1920;12680;1110;UA;ORD;BWI;2;0
1910;6000;1200;FL;DCA;ATL;5;0
12530;9800;1040;DL;ATL;PIT;2;0
12060;4200;1260;FL;RIC;MCO;1;0
50500;9400;560;EV;DTW;CAK;3;0
46920;5850;1400;OO;SLC;OKC;6;0
28180;11900;1790;YV;PHX;DSM;1;0
1450;9490;1410;F9;HOU;DEN;6;0
45980;8000;900;OO;MOT;MSP;4;0
17520;13100;1090;DL;ATL;IAD;4;0
21860;12000;830;US;DCA;LGA;2;0
2630;8700;1090;FL;MKE;DCA;4;0
4330;4200;2800;US;LAS;PHL;2;0
28500;9600;1000;MQ;SAF;DFW;7;0
65500;4800;920;OO;TUS;LAX;4;0
11390;4650;1000;WN;IND;BWI;6;0
42080;11550;1450;MQ;BWI;ORD;3;0
17590;12300;850;US;PHL;RDU;2;0
54820;9550;900;EV;CRW;ATL;2;0
36390;12900;1250;MQ;MIA;CLT;7;0
27710;9900;1500;WN;PHX;MCI;5;0
38290;7470;1130;9E;ABE;DTW;7;0
70940;11650;800;EV;DAY;IAD;2;0
29980;4000;3190;DL;PDX;JFK;2;0
6200;8550;650;AA;DFW;SAT;4;0
30680;5650;730;XE;IAH;HRL;4;0
15050;4510;2880;US;CLT;PHX;2;0
10840;10400;1900;AA;SJC;DFW;5;0
52580;9300;1430;EV;ATL;ICT;3;0
80;8650;910;B6;JFK;BUF;3;0
5170;4800;1730;AS;SNA;SEA;4;0
40070;8300;930;9E;MEM;DAL;6;0
38370;5350;550;WN;AUS;DAL;4;0
59510;3450;950;XE;CAK;ORD;2;0
6430;11600;1100;WN;SMF;PHX;7;0
35050;5250;800;WN;PIT;PHL;5;0
23630;10200;3940;DL;JFK;LAX;4;0
36330;4350;1200;MQ;MIA;CLT;2;0
4780;11850;1550;AS;SEA;LAX;6;0
2990;6110;1030;UA;DEN;MCI;2;0
46120;9000;1100;MQ;LGA;RDU;6;0
5180;11800;1590;AS;SEA;SNA;6;0
1990;4400;1570;CO;IAH;DEN;2;0
17020;4150;2250;DL;LAS;ATL;4;0
2340;3600;960;UA;OMA;ORD;6;0
18390;3600;600;AA;OKC;DFW;2;0
25140;6100;590;DL;DTW;GRR;3;0
10010;3600;710;B6;BOS;JFK;1;0
11540;7650;750;AA;DFW;ICT;2;0
11980;7200;1320;US;PBI;DCA;5;0
20980;13100;980;DL;ATL;CMH;4;0
29970;11100;3800;DL;JFK;PDX;1;0
10320;4620;1630;FL;PIT;RSW;6;0
11030;5570;1080;B6;JFK;RDU;1;0
16360;5800;850;WN;MCI;MKE;4;0
18720;3800;900;DL;TPA;ATL;7;0
350;4800;4000;HA;PHX;HNL;5;0
2690;4800;2050;DL;JFK;MIA;7;0
28610;4650;1590;DL;PHL;ATL;2;0
18630;9720;1660;DL;DCA;MSP;2;0
33910;3650;600;MQ;TXK;DFW;5;0
3330;8400;1650;AA;LGA;ORD;5;0
10500;8550;830;DL;MEM;ATL;5;0
63810;13660;430;OO;SFO;MRY;4;0
28220;11500;830;YV;PSP;PHX;7;0
12470;5100;1800;AA;BOS;ORD;4;0
790;5100;1830;US;PHX;SEA;1;0
18390;3600;600;AA;OKC;DFW;3;0
15510;6340;800;DL;MEM;ATL;7;0
21030;5750;2810;DL;ATL;LAS;6;0
3610;5260;2390;F9;TPA;DEN;3;0
27150;6300;750;MQ;DFW;LFT;6;0
2780;11700;1130;UA;ORD;MDT;4;0
18090;5500;980;US;PIT;CLT;6;0
6330;7900;3100;AA;SJU;DFW;7;0
8560;9450;2550;AA;STT;BOS;4;0
23300;6550;1270;DL;MSP;MEM;1;0
28570;8600;800;MQ;DFW;JAN;1;0
3680;7450;2270;CO;PHX;CLE;5;0
19900;8900;1050;US;CLT;IND;1;0
25580;12700;2020;XE;EWR;OMA;3;0
66680;4600;1020;OO;IDA;DEN;5;0
5980;11750;1500;AA;DFW;RDU;5;0
10190;11350;320;YV;OGG;HNL;2;0
2650;6110;1090;FL;MKE;DCA;1;0
14150;3600;1800;WN;MSY;DEN;3;0
7700;7350;1050;WN;DAL;ELP;2;0
12800;3800;2150;AA;SJC;DFW;3;0
28070;5700;790;YV;PHX;SNA;3;0
6100;3850;1290;B6;JAX;JFK;3;0
28330;6200;730;XE;IAH;JAN;4;0
8530;7050;980;UA;SAN;SFO;7;0
59760;9630;720;XE;ORD;LEX;3;0
4130;9950;3470;US;CLT;SFO;3;0
73080;11640;1070;YV;JAX;IAD;4;0
16970;9950;1300;WN;TPA;BWI;7;0
22050;3600;1200;DL;MDW;ATL;5;0
14790;8450;1500;AA;ATL;DFW;5;0
64730;11400;1230;OH;CVG;EWR;3;0
2500;10900;770;B6;LGB;OAK;3;0
33390;9200;650;MQ;DFW;AEX;4;0
10610;4300;2080;AA;JFK;MIA;1;0
37610;11800;850;WN;BOI;SEA;5;0
3470;4750;1550;CO;ORD;IAH;3;0
41790;5850;900;MQ;MQT;ORD;4;0
2610;10400;490;HA;ITO;HNL;3;0
37880;9140;1310;9E;CLE;MSP;5;0
3720;8750;550;WN;MCI;STL;2;0
40070;9400;700;MQ;ORD;CMH;7;0
20150;8950;1900;AA;DTW;MIA;5;0
23950;9450;1800;AA;CLT;DFW;6;0
38400;8550;1200;MQ;ORD;ATL;2;0
22470;8400;1600;DL;LGA;ATL;3;0
68110;13480;850;OO;LAX;RNO;2;0
47700;13030;700;OO;SLC;CPR;3;0
70680;10570;880;EV;IAD;GSP;5;0
65280;6750;1300;OH;CVG;BOS;4;0
23220;8400;900;DL;MEM;MCI;5;0
47410;9120;600;OO;IDA;SLC;1;0
33250;3600;1300;MQ;DSM;DFW;2;0
14910;7510;1390;FL;CMH;MCO;2;0
29010;11100;700;MQ;DFW;LBB;3;0
41940;10250;950;9E;MSP;BMI;1;0
5460;6610;1380;UA;PHX;SFO;3;0
19000;6750;1540;DL;ATL;BOS;7;0
27630;7340;1160;XE;VPS;IAH;4;0
17050;11500;1340;US;BDL;CLT;4;0
4290;7650;1350;WN;LAX;DEN;1;0
9440;7480;750;FL;ROC;BWI;6;0
30440;7250;1400;MQ;LAX;DEN;3;0
4340;5250;1240;FL;ATL;MKE;4;0
1960;13370;2810;B6;LAS;JFK;4;0
21680;6600;680;US;DCA;LGA;2;0
67630;9100;860;OH;JFK;SYR;2;0
16770;3450;2190;CO;PHL;IAH;3;0
2200;12500;2500;FL;MKE;LAS;5;0
45860;6100;1100;OO;SJC;SLC;5;0
1550;11500;850;WN;SFO;SAN;2;0
51530;7350;680;EV;ATL;MYR;2;0
17510;7050;700;WN;CMH;BWI;2;0
70220;8870;600;OO;ATW;ORD;3;0
65850;11000;850;OH;ATW;DTW;1;0
27240;3900;790;DL;BIS;MSP;4;0
51730;8750;840;EV;MEM;ECP;5;0
14010;8840;1560;FL;MCO;ROC;2;0
1360;14100;2900;UA;LAX;IAD;2;0
20390;9000;960;US;BOS;DCA;5;0
28470;7400;1900;MQ;CHS;DFW;4;0
4170;13500;550;AA;DFW;AUS;5;0
42430;4000;1400;MQ;RDU;ORD;4;0
29270;3850;730;XE;DCA;CLE;2;0
11780;9350;1640;FL;GRR;RSW;1;0
2900;3650;1250;FL;HOU;ATL;5;0
3020;10800;1150;UA;ORD;ALB;2;0
11330;6400;700;WN;MAF;DAL;1;0
37840;11850;780;9E;MEM;COU;3;0
20410;9600;920;US;BOS;DCA;3;0
43510;11750;700;MQ;ORD;LSE;7;0
26650;9300;860;YV;CVG;CLT;5;0
11400;11300;990;DL;ATL;IND;6;0
27480;3300;690;DL;SAV;ATL;5;0
62390;6970;740;OO;DEN;ABQ;6;0
12890;4650;1050;WN;SEA;SMF;4;0
19210;4600;900;WN;DAL;BHM;3;0
64550;5000;650;OH;ATL;CHA;2;0
5040;5050;1620;AS;SEA;SNA;4;0
51800;7550;1050;EV;BOS;DCA;1;0
40;4300;2440;US;ORD;PHX;1;0
20380;6500;1850;AA;MIA;DTW;1;0
17830;10250;750;WN;FLL;JAX;1;0
16600;4550;1200;AA;DFW;IND;7;0
28260;10700;1800;MQ;CAE;DFW;4;0
63400;3700;1930;OH;EWR;MEM;5;0
19900;9650;600;AA;MIA;MCO;5;0
20080;10650;1180;DL;DEN;MSP;7;0
25700;4800;1450;DL;RSW;CVG;5;0
10200;6060;1670;US;PHL;MCO;6;0
17920;13650;2380;DL;SAN;ATL;4;0
36550;5450;1270;9E;MSP;TUL;4;0
62800;6800;710;OH;CVG;PIT;2;0
73560;5120;1180;EV;ATL;MLI;3;0
10790;8390;1700;FL;HPN;MCO;4;0
30310;8700;450;MQ;LAX;SAN;5;0
4760;8990;1050;FL;ATL;BWI;1;0
12890;11950;1250;WN;MDW;LGA;7;0
55920;6900;700;EV;CAE;ATL;2;0
29100;3600;1240;DL;RDU;DTW;5;0
7810;4720;2040;UA;CMH;DEN;4;0
22840;10300;1140;XE;IAH;TYS;3;0
55930;8950;800;EV;ATL;MOB;5;0
14130;6220;1510;DL;BOS;CVG;1;0
28340;11600;850;MQ;DFW;MHK;4;0
24310;10760;1240;XE;IND;EWR;7;0
950;5350;750;FL;ATL;RDU;5;0
24020;10450;1650;AA;AUS;ORD;6;0
21320;6900;1860;DL;MSP;GEG;1;0
2830;8650;1400;F9;STL;DEN;6;0
66810;10400;560;OH;DTW;AZO;3;0
63890;7870;540;OO;SFO;RNO;4;0
22170;5150;2850;DL;DTW;LAS;4;0
50910;13650;810;EV;ATL;JAN;2;0
45320;6600;950;MQ;BNA;DCA;6;0
3730;5700;1030;CO;CLT;EWR;3;0
12300;9950;1140;US;CLT;DTW;4;0
47260;12000;1020;OO;SLC;MFR;2;0
9170;9900;1700;B6;JFK;ORD;2;0
14200;6670;1370;FL;IND;TPA;3;0
19120;12900;990;DL;ATL;RIC;5;0
41530;8300;1350;MQ;AVP;ORD;7;0
11360;5100;2200;DL;SLC;ATL;7;0
41520;3700;600;MQ;AZO;ORD;6;0
41280;4650;970;9E;TRI;DTW;1;0
1070;8510;1240;F9;MSP;DEN;2;0
38750;3600;1140;9E;GSP;DTW;1;0
27570;9600;490;YV;TUS;PHX;3;0
280;8250;3000;AA;HNL;SFO;4;0
33950;10800;750;MQ;DFW;BTR;4;0
28820;14390;580;YV;PHX;FLG;3;0
28780;3950;1350;MQ;GJT;DFW;2;0
19590;10600;2250;AA;BOS;MIA;6;0
72680;7370;810;YV;IAD;LGA;7;0
23560;3550;1250;DL;RDU;DTW;5;0
46530;10530;1450;OO;FAR;SLC;4;0
28900;11520;1080;XE;CMH;EWR;4;0
1190;9590;1640;CO;TPA;EWR;7;0
43750;3850;650;MQ;DCA;RDU;2;0
20390;5100;1650;XE;EWR;ORD;4;0
5120;4650;700;WN;SAN;LAS;2;0
48240;10120;1010;OO;SLC;COS;1;0
13060;9600;1700;AA;SAN;DFW;1;0
12680;4950;1540;FL;MCO;BMI;4;0
52040;6030;1070;EV;SGF;ATL;3;0
650;4200;1330;AS;SEA;KTN;6;0
5720;4550;850;WN;SNA;SFO;3;0
68210;5400;690;OO;RDD;SFO;6;0
21710;11750;1630;XE;IAH;ORF;3;0
3140;8900;690;FL;ATL;CLT;4;0
6420;10400;700;AA;SAT;DFW;7;0
62440;6090;1590;OO;DEN;CVG;7;0
2240;6780;1010;CO;CLE;EWR;5;0
4910;6350;600;AA;OKC;DFW;3;0
7850;6060;2900;UA;BOS;DEN;1;0
5500;10300;1500;AA;LAS;DFW;3;0
40950;11500;910;9E;MSP;SBN;2;0
63220;5890;450;OO;SAN;LAX;3;0
62940;10400;660;OH;DTW;DAY;6;0
30310;8700;450;MQ;LAX;SAN;4;0
63930;12800;1100;OO;SFO;PSC;6;0
12260;4950;1250;US;EWR;CLT;4;0
18690;13400;780;US;CLT;BNA;3;0
65730;7760;570;OO;HDN;DEN;7;0
37840;11850;780;9E;MEM;COU;3;0
15990;6100;700;AA;DFW;IAH;3;0
10870;4650;1300;WN;BNA;FLL;7;0
15630;11220;1760;DL;DCA;MSP;3;0
28580;9450;1100;MQ;DFW;DSM;7;0
66230;4450;2100;OH;LGA;MCI;5;0
5840;9450;1450;AS;PDX;SNA;5;0
26170;6890;510;YV;CLT;GSO;2;0
3820;5930;510;HA;HNL;ITO;3;0
230;5750;690;B6;SYR;JFK;1;0
39350;3550;1300;9E;EWR;DTW;7;0
21850;4350;700;WN;FLL;JAX;3;0
47430;4000;1350;OO;CLE;MSP;4;0
16480;9600;1440;CO;IAH;FLL;4;0
11890;11550;1370;US;DCA;MCO;7;0
380;11990;860;B6;JFK;ROC;7;0
46980;12000;650;MQ;DCA;RDU;2;0
7070;13350;950;FL;ATL;DAY;5;0
63500;7220;790;OO;SFO;ONT;6;0
3280;7160;370;HA;HNL;OGG;3;0
10110;5700;350;YV;HNL;OGG;1;0
18990;9860;690;DL;ATL;BNA;6;0
50800;6860;930;EV;MLU;ATL;1;0
59210;5170;940;XE;IAD;TYS;3;0
8730;9850;3500;AS;OGG;ANC;4;0
8700;7750;3510;UA;SFO;JFK;4;0
6750;3620;1130;UA;BUF;ORD;5;0
3800;10580;1530;UA;MSY;IAD;5;0
48880;4250;940;OO;MSP;STL;7;0
30730;8770;730;OO;STL;MKE;5;0
3050;4690;1560;B6;IAD;FLL;2;0
1040;7650;2500;WN;SEA;MDW;7;1
1200;5490;3080;UA;SFO;IAD;5;1
180;8450;1110;DL;DTW;LGA;6;1
23390;9150;830;XE;CLE;GRB;5;1
5210;7800;600;WN;STL;MDW;1;1
1170;11350;880;US;SFO;LAS;1;1
1550;12600;2950;UA;ORD;SFO;7;1
27320;11800;1330;XE;IAH;CLT;4;1
64080;8680;910;OO;SFO;EUG;1;1
18100;9000;1120;US;RSW;CLT;5;1
280;9850;3200;UA;LAX;JFK;2;1
7340;7860;880;UA;ORD;PIT;5;1
4820;9400;1600;AS;SEA;SAN;5;1
15960;10600;1250;DL;DTW;MCI;5;1
6810;5200;2300;WN;LAX;BNA;5;1
3540;9150;900;AA;MCI;ORD;4;1
38530;10590;1290;9E;PHL;CVG;2;1
55670;6000;1120;EV;ATL;LIT;7;1
14200;12150;650;WN;ONT;SJC;4;1
37670;9550;2000;MQ;SLC;ORD;3;1
7580;5080;1520;UA;SFO;DEN;1;1
13330;11400;550;WN;LAS;ONT;5;1
43720;4300;1700;MQ;BDL;ORD;5;1
27730;8280;730;XE;IAH;JAN;3;1
5710;12500;1690;B6;HPN;PBI;3;1
11860;7650;930;US;MEM;CLT;1;1
16120;8150;1220;DL;ATL;ORD;3;1
5680;4400;1700;AA;ORD;FLL;3;1
64550;7270;800;OO;YUM;LAX;5;1
7390;9400;720;US;PHL;PIT;2;1
73010;7770;810;EV;ATL;GPT;3;1
7320;9300;980;US;MCO;CLT;4;1
58920;7360;1360;XE;ABE;ORD;4;1
3390;6200;1760;CO;MIA;EWR;7;1
2460;9550;1620;CO;IAH;ORD;7;1
12180;4750;900;WN;LAS;OAK;1;1
16070;7700;700;AA;TUL;DFW;7;1
14990;6350;800;WN;STL;TUL;7;1
19500;12150;1070;US;CLT;BUF;1;1
38330;11750;850;WN;PHX;LAX;4;1
10550;9000;750;WN;PHL;MHT;4;1
48620;11420;1100;OO;TUS;SLC;3;1
46570;7800;1250;MQ;ATL;LGA;7;1
10640;11030;1020;DL;IND;ATL;3;1
47280;6690;1180;OO;SLC;MFR;2;1
17010;8450;1900;AA;DFW;SAN;2;1
13950;10500;770;DL;BOS;LGA;6;1
550;9400;650;WN;PHX;ELP;4;1
8820;8550;500;WN;BWI;ORF;5;1
13440;10700;800;WN;PVD;BWI;6;1
100;5900;600;WN;DAL;LIT;2;1
19900;9650;600;AA;MIA;MCO;2;1
55490;10950;720;EV;AVL;ATL;3;1
11050;4450;2530;DL;ATL;SLC;4;1
6430;11600;1100;WN;SMF;PHX;1;1
4320;7400;600;WN;LAX;LAS;4;1
15280;4500;1550;DL;DFW;DTW;4;1
54940;6000;1120;EV;MLI;ATL;4;1
15840;10400;700;WN;BUF;BWI;3;1
66190;5200;1550;OH;LGA;IND;2;1
16000;12200;1300;WN;BWI;BHM;3;1
4430;5070;2040;B6;BOS;TPA;4;1
6840;10900;850;WN;SNA;SFO;2;1
63290;5230;820;OO;ACV;SFO;4;1
3730;7800;1100;AS;SMF;SEA;1;1
56120;5900;890;EV;ATL;OAJ;3;1
6070;12150;2750;AA;ORD;LAX;7;1
6920;9300;830;UA;MSP;ORD;4;1
70350;9320;1380;OO;PDX;LAX;4;1
41600;5770;980;9E;ROC;DTW;3;1
28770;12000;1940;XE;EWR;MSP;4;1
10;5950;5490;UA;ORD;HNL;2;1
35670;4200;550;WN;ELP;ABQ;1;1
24210;11800;750;WN;MDW;DTW;6;1
5820;11110;1650;UA;ORD;TPA;7;1
37760;4500;1510;9E;ROC;ATL;3;1
13160;7070;1730;DL;DEN;ATL;3;1
42500;4100;1350;MQ;AVP;ORD;5;1
38100;4650;800;MQ;ORD;CLE;1;1
860;12150;1000;CO;EWR;CLE;3;1
63620;12040;440;OO;LAX;SBA;4;1
10680;11050;2050;B6;AUS;JFK;7;1
3600;9950;1000;WN;LAS;ELP;1;1
54650;12950;640;EV;DTW;CAK;4;1
17760;11920;1230;US;CLT;BOS;2;1
63840;4020;1980;OO;BOI;ORD;2;1
22920;10490;1150;XE;BHM;IAH;2;1
19060;10020;2570;DL;LAX;DTW;4;1
42070;11400;1220;9E;DAY;MSP;1;1
38430;8450;540;9E;DTW;AZO;4;1
30130;4500;1150;WN;BHM;HOU;5;1
70680;6160;820;EV;GSP;IAD;5;1
21700;8550;1900;DL;TUS;MSP;4;1
41960;11600;1200;MQ;ORD;BWI;4;1
73440;11080;1010;EV;MLB;ATL;1;1
30740;10700;620;OO;MKE;IND;4;1
3820;8550;850;WN;LAS;SJC;5;1
27350;4000;1850;WN;PHL;TPA;3;1
6140;9000;950;WN;IND;BWI;7;1
4470;6450;1650;CO;ORD;IAH;7;1
15430;7050;650;AA;DFW;SAT;1;1
7770;6600;2850;FL;ATL;LAS;4;1
12300;9850;650;WN;MDW;STL;6;1
42560;10450;560;9E;DTW;GRR;5;1
21810;10900;1450;WN;PHX;HOU;7;1
7700;13590;2300;FL;LAS;ATL;7;1
4730;4850;1050;WN;BNA;MCI;3;1
13750;4500;760;DL;BOS;LGA;2;1
1180;6000;650;WN;ONT;PHX;3;1
11250;8300;650;WN;LAX;LAS;1;1
62900;4650;640;OO;LAX;MRY;4;1
40210;9390;1450;9E;LGA;CHS;4;1
29350;3900;1600;MQ;MSN;DFW;3;1
65480;11500;750;OO;IND;ORD;5;1
4320;7400;600;WN;LAX;LAS;4;1
15130;7790;2760;US;CLT;PHX;3;1
11930;11500;1130;DL;CLT;DTW;7;1
24580;6700;1300;XE;BNA;IAH;4;1
1330;8310;1130;UA;DEN;DFW;1;1
28240;11450;1460;DL;MSP;RDU;7;1
45530;3750;700;OO;LAX;LAS;6;1
7610;4850;2900;UA;ORD;SFO;5;1
22780;9300;1280;XE;IAH;OMA;1;1
21340;9500;2150;WN;LAS;MDW;6;1
8890;11150;2700;AA;ORD;LAX;4;1
6910;10950;550;WN;DAL;TUL;4;1
7030;4200;2270;B6;JFK;SJU;2;1
22250;8100;840;XE;OKC;IAH;3;1
7180;11990;960;FL;LGA;CAK;5;1
6450;7250;1950;AS;PHX;SEA;5;1
42540;6800;950;9E;MSP;MOT;3;1
46230;10350;740;OO;SLC;BOI;1;1
5140;6200;2450;WN;MDW;LAS;3;1
23280;4750;1400;AA;DFW;ORD;3;1
37170;11750;870;9E;BNA;ATL;7;1
3630;7300;1700;WN;SEA;PHX;5;1
52290;11650;720;EV;MEM;SGF;6;1
36980;11600;1600;MQ;CVG;MIA;1;1
3680;9800;1650;WN;DEN;OAK;2;1
10900;5600;700;DL;PNS;ATL;3;1
1750;5400;3450;CO;SNA;HNL;6;1
21840;5950;2090;DL;SLC;CVG;4;1
27100;9500;830;YV;ELP;PHX;6;1
31350;11950;750;MQ;SJC;LAX;4;1
12060;7950;2250;DL;RSW;MSP;1;1
3270;7250;1650;AA;LGA;ORD;4;1
69110;6310;440;OO;MKE;ORD;3;1
18010;10800;1750;DL;PVD;ATL;3;1
63860;9590;920;OO;SFO;BOI;2;1
7420;5600;2850;AS;SEA;ATL;2;1
30740;6600;1100;WN;MDW;RDU;3;1
5900;8850;2350;AA;SAN;ORD;7;1
3970;10650;2050;CO;IAH;LAS;1;1
43140;4200;1140;9E;DTW;ORF;1;1
66930;9410;560;OO;DEN;CPR;4;1
14710;6500;1850;WN;AUS;BWI;6;1
410;11700;2520;DL;MSP;LAX;4;1
77780;11850;800;OO;SLC;SGU;1;1
7550;6950;950;WN;PIT;MDW;3;1
11850;12900;1350;DL;SLC;SEA;1;1
41450;9400;590;9E;DTW;ERI;7;1
7550;7650;650;WN;MDW;STL;2;1
5980;7350;1000;WN;PDX;OAK;2;1
8360;5100;1600;AA;DFW;DCA;2;1
77970;4600;740;OO;SLC;SUN;3;1
62710;3890;510;OO;ORD;FWA;1;1
1320;4000;1880;CO;SAN;IAH;7;1
26910;13180;620;XE;EWR;BWI;2;1
20830;12100;900;DL;SLC;LAS;5;1
6910;7550;2100;WN;STL;PHX;2;1
10320;12050;990;US;CLT;ABE;6;1
28440;7060;670;XE;CLE;DCA;7;1
14330;10200;2430;CO;LGA;IAH;2;1
12670;8750;650;AA;MCO;MIA;3;1
24730;9660;880;XE;MHT;EWR;5;1
11800;8600;700;WN;OAK;ONT;3;1
6210;8780;1290;UA;DCA;ORD;5;1
6640;8350;1450;WN;STL;RSW;5;1
20;10350;4840;UA;HNL;ORD;6;1
23810;11650;1600;WN;LGA;MDW;3;1
3350;12300;1350;WN;MDW;PVD;2;1
27430;10100;1590;DL;EWR;ATL;6;1
440;11050;850;WN;DAL;MCI;2;1
28160;4600;1000;MQ;MHK;DFW;3;1
8900;5750;650;AA;SAT;DFW;7;1
24710;12000;1000;DL;SLC;PHX;7;1
1210;9700;800;WN;SMF;LAX;1;1
26090;6650;880;YV;ORF;CLT;3;1
70930;7490;800;EV;IAD;CMH;7;1
13100;11800;830;B6;IAD;JFK;3;1
14580;6200;750;WN;SMF;ONT;5;1
4130;11500;1350;WN;BNA;BDL;1;1
24460;10100;830;XE;IAH;OKC;2;1
38160;6200;1450;MQ;DEN;ORD;4;1
480;6600;670;B6;JFK;BTV;7;1
23450;10300;1550;AA;ORD;DFW;2;1
21400;11020;830;DL;LAS;SLC;6;1
1920;9980;1010;FL;ATL;DCA;1;1
30280;5500;700;WN;BDL;BWI;6;1
73050;9670;1230;YV;ORD;PHL;3;1
22440;9850;1630;XE;IAH;PIT;4;1
5160;12420;1280;UA;PHX;SFO;5;1
15220;10550;650;DL;GRR;DTW;4;1
9380;10400;800;WN;LAX;SMF;7;1
1980;10950;3190;US;CLT;SAN;4;1
38490;11800;1150;9E;DTW;EWR;2;1
66920;4150;690;OO;ORD;DTW;7;1
33260;9250;1100;WN;MCO;MSY;3;1
9260;6100;1330;FL;ATL;MCI;5;1
7160;8550;700;WN;SAN;PHX;5;1
8520;8650;3370;AS;HNL;SEA;5;1
64100;11260;790;OO;BUR;SFO;2;1
2870;11200;1440;F9;STL;DEN;7;1
5880;10220;1760;UA;DFW;IAD;4;1
11430;4500;1000;DL;ATL;STL;1;1
16230;7500;1250;WN;IAD;MDW;6;1
21160;9950;2250;WN;MCI;LAX;2;1
10940;9750;600;WN;SEA;GEG;2;1
2040;5560;3140;B6;LGB;JFK;5;1
7540;10950;1950;WN;LAS;MSY;3;1
48280;8500;1830;OO;SAT;SLC;1;1
10110;6500;660;B6;BOS;JFK;4;1
25830;9300;1250;AA;DFW;DEN;1;1
2550;6200;850;WN;DEN;OMA;5;1
13840;11550;2850;WN;MDW;LAX;5;1
20180;6900;970;DL;MCO;ATL;3;1
41330;10050;900;MQ;ORD;PIT;3;1
6930;11430;1650;UA;LGA;ORD;3;1
10530;8300;1650;AA;ORD;AUS;6;1
55290;12430;670;EV;ATL;BQK;5;1
22350;10450;1200;DL;DTW;MSP;5;1
13360;9200;1050;WN;ELP;HOU;6;1
4120;6600;2240;CO;DEN;EWR;1;1
11190;8000;1600;AA;DCA;MIA;6;1
15100;6850;1700;DL;DEN;DTW;2;1
8410;8050;1650;AA;SJU;MIA;4;1
22560;8000;1700;AA;SNA;DFW;3;1
15110;9550;1150;WN;DEN;PHX;5;1
59450;12000;550;XE;ORD;LAN;2;1
1760;4850;1900;WN;BDL;TPA;2;1
1670;6000;850;WN;OAK;LAS;5;1
7340;3500;1270;DL;MCI;ATL;1;1
29550;5150;750;MQ;DFW;MAF;1;1
64840;10490;1160;OH;XNA;ATL;2;1
16610;8740;1510;CO;PHX;IAH;6;1
17760;11920;1230;US;CLT;BOS;5;1
63980;11450;920;OO;SFO;BOI;3;1
51560;9920;890;EV;CLT;ATL;2;1
44400;5800;1770;OO;SLC;IAH;3;1
8890;11150;2700;AA;ORD;LAX;7;1
11480;4000;1500;WN;HOU;MDW;4;1
63840;6750;1200;OH;CVG;LGA;1;1
22100;10200;1240;DL;DFW;ATL;3;1
24070;7800;810;DL;MSP;ORD;5;1
6330;5550;4000;B6;BOS;SFO;4;1
16110;11700;1390;DL;MEM;FLL;3;1
42280;7600;950;MQ;ORD;SGF;4;1
37620;5100;1100;WN;STL;DAL;1;1
590;10650;1480;CO;IAH;DEN;6;1
4600;6000;1530;AS;SEA;LAX;4;1
4870;7650;800;WN;MCI;IND;6;1
19360;6010;700;DL;MKE;DTW;2;1
62380;12360;770;OO;LAS;FAT;3;1
10620;9050;1300;WN;TPA;SDF;1;1
40;5050;1100;WN;DAL;ELP;7;1
13730;3900;820;DL;BOS;LGA;4;1
27160;10560;1690;XE;CAE;IAH;4;1
340;8400;2880;UA;OGG;SFO;3;1
19910;4250;820;US;RDU;PHL;7;1
1390;11630;1190;F9;DFW;DEN;4;1
4910;10830;1770;CO;MIA;IAH;5;1
70660;7150;1020;EV;ORD;GSO;6;1
20510;10450;800;WN;CLE;MDW;5;1
17610;8150;1600;WN;RSW;STL;5;1
5000;7110;1430;FL;LGA;MKE;7;1
19810;10400;500;WN;MCO;RSW;5;1
68720;6820;450;OO;ORD;GRR;1;1
23860;10000;1410;DL;ATL;LGA;2;1
59890;7610;440;XE;SBN;ORD;3;1
510;11400;650;WN;DAL;HOU;6;1
4500;6740;1360;UA;SNA;DEN;1;1
15500;9500;2250;US;PHX;CLT;6;1
10480;6200;1800;WN;BWI;MSY;1;1
8620;7550;1100;WN;BWI;IND;2;1
31160;6050;800;WN;LAX;SMF;5;1
6340;8350;3200;B6;SFO;BOS;4;1
39430;5200;1200;MQ;ORD;TUL;7;1
6180;5450;1050;F9;PHX;DEN;1;1
15820;13050;1240;DL;SLC;PDX;3;1
24990;8190;1330;XE;IAH;ABQ;4;1
9940;6850;750;WN;RDU;PHL;3;1
3530;12400;650;WN;BOI;GEG;7;1
40910;5350;900;MQ;ORD;BNA;6;1
11630;5200;700;WN;SNA;LAS;2;1
3970;10650;2050;CO;IAH;LAS;3;1
23940;10650;1260;DL;ATL;PHL;2;1
21190;6250;1190;XE;MCI;IAH;7;1
6720;11350;2050;F9;DEN;MCO;7;1
22460;4500;1180;XE;IAH;ATL;3;1
1550;10750;3560;US;PHL;SAN;2;1
7620;5840;1100;F9;LAS;DEN;3;1
710;6750;1900;US;PHX;SEA;2;1
1700;10600;850;UA;LAX;SFO;7;1
65780;8370;940;OO;DEN;BIS;7;1
54940;6000;1120;EV;MLI;ATL;3;1
50500;10290;700;EV;CAK;DTW;1;1
64220;10130;970;OO;CRW;ORD;1;1
48320;9100;1030;OO;SLC;MSO;6;1
70810;12600;1090;EV;ORD;CAE;3;1
14970;5450;1050;WN;MSY;FLL;4;1
54080;8950;730;EV;ATL;CHS;3;1
15130;7790;2760;US;CLT;PHX;4;1
50290;6600;900;EV;ATL;JAN;1;1
10630;13600;2780;DL;LAX;MCO;7;1
24450;6600;1000;WN;OAK;SLC;4;1
55470;7260;730;EV;ATL;VPS;4;1
3890;9000;800;WN;BNA;RDU;2;1
16930;12750;1250;WN;PHX;OAK;3;1
40430;7050;1280;9E;GRR;MEM;2;1
14040;9600;2010;B6;SFO;AUS;3;1
2960;11220;1130;FL;HOU;ATL;6;1
15790;10350;1030;US;PHL;CLT;2;1
21710;11550;1600;XE;IAH;ORF;7;1
8630;4700;1650;AA;DFW;MIA;3;1
55320;3300;640;EV;CAE;ATL;3;1
62860;4820;1340;OO;DEN;PSP;5;1
66240;11420;2060;OO;CLE;DEN;3;1
26510;4300;3180;DL;PHL;SLC;1;1
440;12150;800;WN;MCI;MDW;2;1
1580;11850;1150;DL;DTW;LGA;4;1
1800;13670;3400;UA;SFO;BOS;3;1
90;11210;2450;UA;BWI;DEN;7;1
23810;4000;1290;XE;EWR;CLT;4;1
24010;6850;2000;WN;OAK;MCI;6;1
6030;6000;3750;WN;PVD;LAS;6;1
65400;10140;880;OH;OKC;MEM;7;1
25390;6350;1150;WN;BNA;PHL;5;1
21620;9900;830;XE;IAH;TUL;3;1
6170;11400;750;WN;CMH;MDW;2;1
9340;11260;600;FL;ATL;JAX;5;1
43930;6700;700;MQ;BOS;JFK;3;1
530;7070;730;B6;ROC;JFK;7;1
2270;10480;2120;CO;BWI;IAH;4;1
39850;3600;1000;9E;DSM;MEM;4;1
15660;9000;2450;WN;MCI;PDX;3;1
36620;3600;1550;WN;DEN;LAX;1;1
8520;10550;650;WN;BUR;SJC;4;1
13120;11400;2400;AA;SJU;BDL;5;1
46860;7900;1100;OO;SJC;SLC;7;1
23700;5450;2040;XE;EWR;MSP;3;1
40310;5550;1240;9E;MEM;LBB;3;1
4680;10800;3360;CO;EWR;LAS;6;1
27430;10180;1580;DL;EWR;ATL;2;1
67640;4080;970;OO;LNK;DEN;1;1
64290;6370;1020;OO;LAS;SFO;5;1
69610;6050;800;OO;DEN;LNK;7;1
7650;12300;1150;WN;MDW;RDU;5;1
8630;7600;1450;AA;MIA;SJU;6;1
43730;6050;1040;9E;DTW;BTV;5;1
23550;12650;1500;AA;ORD;DFW;2;1
7990;10900;1650;F9;DEN;PDX;5;1
4950;4000;1950;AA;MIA;DFW;6;1
31180;8490;1250;XE;EWR;CHS;7;1
25060;4400;1360;XE;BNA;IAH;5;1
37490;9150;1620;9E;HPN;ATL;3;1
15320;10850;3300;WN;BWI;LAS;1;1
37980;6300;920;9E;DTW;ABE;2;1
12850;10750;1070;DL;ATL;PBI;4;1
29350;3900;1600;MQ;MSN;DFW;3;1
4370;7050;2650;WN;MDW;RNO;3;1
12090;3900;3420;DL;BOS;SLC;4;1
13940;11100;740;DL;LGA;BOS;4;1
15850;6900;1540;US;PHL;MCO;1;1
11990;5700;600;WN;MSY;BHM;1;1
25820;11000;1540;DL;MCO;BDL;6;1
24540;7250;1040;XE;MEM;IAH;1;1
730;8300;1800;B6;JFK;PBI;5;1
15870;7400;950;WN;BNA;BWI;7;1
4530;11050;900;WN;MSP;MDW;7;1
9310;9900;1800;WN;BWI;MCI;2;1
20120;4450;1270;DL;ATL;ORD;2;1
36750;11000;1700;MQ;CMH;MIA;4;1
4900;10250;1700;WN;MDW;HOU;2;1
4920;10750;1050;US;PHX;DEN;3;1
11440;9950;700;AA;ORD;STL;3;1
62660;5730;1070;OH;IAD;DTW;5;1
64100;10310;690;OO;SFO;BUR;2;1
59770;10530;1330;XE;ORD;OKC;5;1
470;9900;650;WN;AMA;DAL;5;1
4060;9830;2150;UA;DEN;LGA;1;1
4970;5500;2050;CO;IAH;LAS;4;1
21120;3300;580;DL;BHM;ATL;7;1
5880;6250;600;WN;PIT;BWI;1;1
35030;8750;1500;MQ;DFW;CLE;3;1
3000;12850;2730;B6;LGB;IAD;3;1
50320;8580;500;EV;CSG;ATL;4;1
26140;12800;990;YV;CLT;EWR;7;1
10980;3950;1450;WN;HOU;MDW;2;1
26180;10500;1010;DL;MCO;ATL;5;1
3070;4650;3400;WN;FLL;LAS;2;1
34830;12750;750;WN;BUR;SMF;3;1
17630;11750;1710;DL;ATL;SAT;7;1
3880;4250;800;WN;ELP;PHX;2;1
68760;5070;1720;OO;DEN;PDX;3;1
18310;4300;3300;WN;BWI;LAS;4;1
13670;12050;700;AA;DFW;IAH;7;1
70270;5830;620;OO;DRO;DEN;2;1
3550;5100;1170;UA;ATL;ORD;5;1
17910;4550;1450;WN;BWI;MCO;3;1
7700;3900;1800;WN;AUS;BWI;5;1
13950;11000;1000;WN;DAL;STL;7;1
14360;7010;1690;DL;DEN;DTW;5;1
13080;9300;1150;WN;HOU;STL;4;1
14650;5800;1430;US;PHL;ATL;4;1
7300;11680;1120;UA;ORD;BWI;6;1
7670;5550;1050;WN;DTW;STL;2;1
5080;8250;1360;FL;LGA;MKE;3;1
42760;10300;1070;9E;DTW;BNA;1;1
18240;8950;1070;DL;ATL;BWI;7;1
1020;3050;490;HA;HNL;ITO;3;1
7030;4200;2270;B6;JFK;SJU;5;1
37120;8850;1050;MQ;ORD;XNA;5;1
20290;4790;1950;AA;LGA;MIA;4;1
8500;7850;650;FL;EYW;MCO;7;1
2440;4200;1550;AS;SEA;LAX;4;1
26160;5900;2400;DL;LAS;DTW;1;1
4580;5400;1540;AS;SEA;LAX;4;1
4030;5250;1460;F9;DEN;LAX;1;1
11200;8400;650;AA;ORD;STL;7;1
21640;5400;830;US;DCA;LGA;5;1
18780;7350;550;AA;DFW;OKC;5;1
25440;7250;950;WN;MCO;RDU;6;1
29980;11100;1250;WN;DEN;BOI;6;1
4070;6450;650;WN;MDW;STL;7;1
27970;6150;700;WN;BUR;OAK;6;1
5890;11200;1790;B6;HPN;FLL;3;1
1420;6050;1490;B6;PBI;JFK;5;1
27560;10240;1360;XE;TUS;IAH;5;1
22980;10800;1350;WN;STL;HOU;6;1
49490;6800;880;EV;JAN;ATL;5;1
15180;3300;840;DL;MCO;ATL;2;1
9980;9200;650;WN;BWI;BDL;4;1
14580;7250;550;WN;ONT;LAS;1;1
59750;5100;810;XE;DSM;ORD;4;1
18800;9700;2980;CO;SEA;EWR;1;1
4620;6570;1790;B6;RSW;BOS;3;1
13410;4350;2850;AA;ORD;SFO;4;1
7070;10750;1500;US;PHL;ORD;7;1
1610;9850;800;WN;LGA;BWI;2;1
15790;6950;750;WN;PHX;ONT;6;1
68450;8190;820;OO;SFO;SBA;4;1
8430;10900;1770;F9;DEN;SEA;2;1
4970;7600;650;WN;BWI;RDU;5;1
64500;11400;690;OO;SFO;BUR;1;1
4320;7400;600;WN;LAX;LAS;3;1
17000;8700;1100;US;CLT;BDL;5;1
3070;5500;1290;AS;SFO;SEA;1;1
29220;12050;1480;XE;IAH;GRR;6;1
2600;4400;2400;WN;SEA;MDW;2;1
17570;5300;1460;B6;FLL;SJU;5;1
1170;8250;3700;AA;JFK;LAX;5;1
48760;5270;940;OO;MSO;SLC;1;1
7010;10800;3690;US;PHL;LAX;7;1
55100;7600;780;EV;ATL;MOB;7;1
40220;11300;780;9E;MEM;TYS;7;1
4400;11150;1050;AA;DFW;OMA;1;1
69270;8250;1070;OO;HLN;DEN;7;1
5750;9000;830;F9;DEN;SLC;3;1
6710;9650;1650;WN;MDW;DEN;3;1
42190;7410;1010;9E;ROA;DTW;3;1
20560;8350;3350;WN;PHL;PHX;6;1
68460;6520;760;OO;SFO;SBA;5;1
17250;4350;1310;DL;BWI;ATL;4;1
10580;5300;1750;CO;IAH;DCA;5;1
10830;4200;900;WN;MDW;MSP;5;1
12690;3800;1200;US;JFK;CLT;5;1
3360;8050;390;HA;HNL;OGG;6;1
24390;6600;1100;DL;DCA;ATL;1;1
23330;8800;1550;AA;ORD;DFW;4;1
7630;11840;1070;FL;PBI;ATL;3;1
62720;8350;550;OH;EVV;CVG;7;1
41470;8250;750;9E;DTW;BUF;6;1
3990;12500;3140;FL;ATL;SEA;2;1
5260;10520;1530;B6;MCO;EWR;6;1
2730;6000;720;US;ONT;PHX;5;1
22710;9150;960;DL;MSP;IND;7;1
8420;6200;1820;B6;FLL;BOS;4;1
66500;11490;870;OO;EUG;SFO;1;1
4370;6400;650;WN;BWI;BUF;2;1
65780;5200;1470;OH;DTW;XNA;2;1
12180;11020;830;B6;BUF;BOS;5;1
31210;7600;750;MQ;LAX;SJC;3;1
7650;4900;1140;F9;DEN;LAS;7;1
6620;9700;750;WN;ONT;PHX;1;1
13090;10500;820;B6;JFK;IAD;4;1
1430;9350;1150;US;SFO;PHX;3;1
25010;6800;1210;XE;IAH;ELP;7;1
55260;9470;1180;EV;HOU;ATL;2;1
29840;6800;720;DL;MSP;MKE;3;1
22120;10550;610;XE;IAH;BTR;2;1
17950;12400;750;WN;PHX;SNA;2;1
16320;12400;750;WN;LAX;OAK;4;1
26270;10250;1130;YV;DTW;CLT;3;1
19700;8650;1150;AA;DEN;DFW;7;1
42160;5200;1350;MQ;ORD;OKC;1;1
17840;9800;1100;DL;ATL;IAD;4;1
4600;3950;850;WN;OKC;HOU;3;1
9940;4250;650;WN;STL;BNA;1;1
63760;11000;620;OO;DEN;DRO;6;1
20390;9000;1150;DL;DCA;ATL;3;1
1100;10270;1250;FL;DFW;ATL;3;1
42070;11400;1220;9E;DAY;MSP;5;1
66450;11400;360;OO;SFO;MOD;6;1
13620;10150;850;WN;SNA;SMF;5;1
11990;8390;1660;DL;SLC;MSP;7;1
28530;11250;750;MQ;DFW;SGF;7;1
7580;4600;1000;WN;LIT;MDW;4;1
5350;6210;340;HA;OGG;HNL;7;1
15220;8900;2050;WN;PVD;FLL;5;1
6780;11450;650;WN;OAK;BUR;3;1
50350;10500;800;EV;ATL;MOB;3;1
9750;10350;3500;UA;IAD;SFO;7;1
50050;8150;1550;EV;MEM;DEN;2;1
6610;4200;1780;B6;SYR;MCO;3;1
43950;6200;1300;MQ;BNA;LGA;7;1
2720;12550;3150;AA;SFO;MIA;6;1
29470;9850;1750;XE;IAH;PHX;3;1
25870;10250;1100;WN;MDW;RDU;7;1
4680;12300;3470;CO;EWR;LAS;7;1
16930;10400;1750;AA;MCO;DFW;3;1
53730;10850;1550;EV;SYR;ATL;4;1
25820;11550;1530;DL;MCO;BDL;3;1
20440;11100;860;US;DCA;BOS;1;1
7600;8120;2630;UA;SFO;ORD;6;1
290;5100;2000;WN;BOS;STL;2;1
37530;8700;1040;9E;MEM;JAX;1;1
26910;4550;2210;DL;MSP;MIA;1;1
70340;8140;600;OO;GJT;DEN;5;1
42050;12400;1300;MQ;ORD;BDL;2;1
6800;5250;550;WN;DAL;AUS;5;1
6530;5050;1610;F9;DEN;SFO;3;1
50140;11750;1000;EV;ATL;PHF;4;1
810;3600;2190;AS;SEA;ANC;2;1
19370;4300;1350;WN;MSY;MDW;5;1
15990;10100;1150;WN;BHM;HOU;1;1
14870;6400;2550;AA;ORD;RNO;2;1
4080;10550;2120;UA;DEN;MCO;1;1
17870;12900;2380;DL;MSP;SAN;1;1
39950;4000;750;9E;GRB;MSP;4;1
28810;7500;950;YV;SBP;PHX;4;1
56110;11000;880;EV;ATL;MEM;6;1
52790;8340;1360;EV;DTW;JAN;5;1
18000;7400;1350;AA;PHX;DFW;1;1
36670;7540;1110;9E;SWF;DTW;2;1
7590;12250;1810;B6;SJU;MCO;5;1
9870;8750;750;WN;PHX;ONT;3;1
48360;8150;1020;OO;MEM;DFW;5;1
6630;10440;2460;UA;DCA;DEN;3;1
18440;8740;1650;CO;IAH;CLE;2;1
16920;12000;1760;CO;EWR;MCO;1;1
27440;11350;1910;DL;MSP;TPA;5;1
6910;9400;1100;DL;RIC;ATL;3;1
68210;5940;690;OO;RDD;SFO;1;1
25730;5900;1270;XE;BNA;EWR;4;1
15680;11350;2170;DL;LAX;MSP;1;1
64970;8200;1220;OH;MEM;AUS;4;1
27040;5620;1060;XE;MEM;IAH;5;1
39320;8350;1160;9E;DTW;MHT;2;1
49780;11350;980;EV;FAY;ATL;4;1
29830;12000;850;DL;DTW;MSN;4;1
7420;8400;1640;US;FLL;PHL;4;1
71380;10250;910;EV;IAD;MHT;3;1
1370;9260;1980;B6;JFK;RSW;1;1
2460;3900;3200;DL;LAX;JFK;2;1
65560;10160;890;OO;DEN;TUL;5;1
6670;12750;1560;F9;DEN;SFO;6;1
2970;9950;3650;AA;LAX;HNL;2;1
8410;11780;840;UA;LAX;SFO;5;1
26270;10250;1130;YV;DTW;CLT;4;1
17470;10450;2300;AA;DFW;SJC;4;1
6890;3800;2200;AA;ORF;DFW;3;1
240;7200;550;WN;HOU;DAL;2;1
6340;11000;1100;WN;BWI;SDF;4;1
78040;13150;660;OO;SLC;TWF;4;1
15890;8900;2550;WN;MCI;SEA;1;1
39830;7300;580;9E;DTW;SBN;2;1
14460;8870;690;DL;ATL;JAX;2;1
5550;5350;3270;CO;CLE;SFO;1;1
20160;9500;1690;DL;DEN;ATL;1;1
17950;11000;1750;WN;HOU;PHX;7;1
18270;6700;1140;DL;ATL;FLL;7;1
4760;8100;600;AA;MIA;MCO;1;1
3870;11670;1350;UA;MSP;DEN;7;1
18980;7200;1000;AA;ELP;DFW;4;1
11490;6800;1900;WN;PHX;MSP;4;1
490;9850;950;DL;CVG;ATL;5;1
6710;4600;3660;B6;JFK;LAX;6;1
25360;10650;1850;WN;MDW;SAT;5;1
2270;10540;2140;CO;BWI;IAH;1;1
15330;12650;540;CO;IAH;AUS;3;1
2670;11450;3650;AA;LAX;HNL;7;1
52730;10100;630;EV;JAN;MEM;6;1
16290;7350;2270;CO;IAH;SNA;7;1
41800;6850;1150;MQ;ORD;CLT;4;1
13380;10850;1600;WN;LGA;MDW;4;1
17250;12200;2850;US;MCO;PHX;4;1
1940;4050;1900;CO;LAX;IAH;3;1
3700;8400;2200;WN;DEN;PHL;4;1
36900;11000;900;WN;SAN;OAK;3;1
8490;11700;1050;WN;STL;DAL;6;1
6670;12750;1560;F9;DEN;SFO;3;1
10720;10450;950;WN;ABQ;DAL;7;1
36030;12750;1000;MQ;MIA;CHS;7;1
21600;11300;1240;DL;MIA;ATL;4;1
1770;5400;1700;WN;PHL;PBI;2;1
67470;6440;480;OO;SMF;SFO;4;1
9500;4610;2850;UA;LAX;IAD;3;1
36470;10500;750;MQ;MIA;JAX;6;1
48470;5450;910;OO;MSP;MOT;1;1
22650;4900;3150;WN;BUF;LAS;2;1
22620;10550;1180;DL;DTW;PHL;5;1
2520;11850;650;WN;ONT;SJC;4;1
17000;5250;1600;DL;ATL;BOS;1;1
20210;9400;2700;DL;DTW;PHX;3;1
3070;6600;700;WN;LAS;LAX;3;1
38000;10400;850;9E;DTW;SYR;3;1
910;3600;3870;UA;EWR;SFO;5;1
4120;12900;1480;DL;ATL;BOS;1;1
20530;10300;950;WN;SFO;LAS;7;1
70270;4910;620;OO;DEN;DRO;5;1
65560;9050;1400;OH;CVG;MSY;7;1
4110;6350;3500;WN;PHL;LAS;3;1
4480;4200;3900;CO;EWR;SFO;4;1
19870;6950;2370;DL;MSP;SAN;7;1
13220;7300;1700;WN;SEA;PHX;6;1
5670;9290;1910;B6;SWF;FLL;3;1
4940;11550;1650;AA;DFW;BWI;7;1
2630;13540;850;UA;LAX;SFO;3;1
36820;8900;1550;WN;AUS;MDW;2;1
10470;10350;920;US;DCA;CLT;7;1
20890;5300;790;XE;EWR;DCA;2;1
4670;12860;2800;CO;IAH;SEA;2;1
42670;11700;500;9E;MEM;GTR;6;1
820;5700;2000;AS;ANC;SEA;2;1
200;4650;2250;WN;BWI;HOU;4;1
24610;7650;1400;DL;PHL;ATL;5;1
24040;6180;1110;DL;LAX;SLC;5;1
3040;10150;1150;WN;BHM;HOU;5;1
70540;11500;580;OO;SFO;RNO;2;1
3770;9940;1100;UA;PHX;DEN;4;1
10550;5350;1000;WN;MSY;MCO;1;1
43430;4050;850;MQ;ORD;DTW;1;1
11800;7000;1250;WN;SEA;OAK;5;1
4700;4450;2340;CO;EWR;SJU;4;1
72950;4820;490;YV;ORD;ATW;2;1
70830;8400;750;EV;ORF;IAD;6;1
11920;7500;800;WN;BHM;TPA;6;1
10250;4250;1250;WN;DEN;LAS;2;1
59230;11850;760;XE;ORD;CLE;1;1
5330;6200;1610;AS;ONT;SEA;7;1
8880;4300;750;WN;BUR;OAK;3;1
72720;8820;900;YV;CLT;IAD;7;1
50520;12410;850;EV;ATL;OAJ;1;1
34310;4100;1200;WN;BWI;BNA;7;1
36720;4350;1550;MQ;SDF;MIA;7;1
52710;9700;1210;EV;ATL;XNA;2;1
20200;12300;800;WN;SMF;LAS;2;1
6450;9370;3200;UA;SJU;ORD;2;1
3360;12450;850;WN;PHL;BOS;3;1
10980;7150;1550;WN;MCO;BUF;4;1
14400;7750;1650;WN;TPA;MDW;4;1
16910;8300;750;WN;CLE;BWI;2;1
62940;9640;620;OO;DEN;DRO;2;1
16530;5500;2290;DL;MSP;PSP;6;1
2850;5160;3740;UA;IAD;SFO;6;1
9730;9590;630;US;CHS;CLT;1;1
18540;8650;1070;US;CLT;PVD;4;1
21560;7060;1340;XE;TUS;IAH;3;1
23970;5700;900;WN;MDW;MCI;2;1
28890;6300;800;MQ;DFW;CRP;7;1
19300;10700;1750;WN;LAS;HOU;1;1
66460;5500;1720;OO;DEN;PDX;2;1
13340;5300;2850;WN;MDW;SMF;4;1
40840;13150;870;9E;DTW;ITH;2;1
8630;7600;1450;AA;MIA;SJU;1;1
3450;5820;1460;UA;ORD;MSY;4;1
5930;6700;1630;B6;HPN;MCO;2;1
6100;11350;800;WN;ABQ;PHX;2;1
1130;11450;1500;WN;FLL;BWI;5;1
8320;9650;2450;WN;OAK;MDW;4;1
11870;5920;1550;FL;MLI;MCO;1;1
30470;3600;1140;XE;BHM;IAH;6;1
5150;6950;2300;WN;STL;LAS;4;1
12410;3950;1700;WN;MDW;DEN;7;1
26330;10830;900;YV;IAD;CLT;2;1
13120;11400;2400;AA;SJU;BDL;6;1
7620;5840;1100;F9;LAS;DEN;1;1
42120;7700;950;MQ;ORD;BUF;5;1
3660;6600;600;WN;HRL;HOU;5;1
3250;10550;850;WN;PHX;BUR;5;1
1090;10850;940;DL;ATL;MCO;1;1
50090;5160;1580;EV;MEM;EWR;3;1
4570;9300;1150;WN;HOU;STL;4;1
6940;5250;1050;WN;SAN;ABQ;1;1
15190;8250;920;DL;MSP;STL;6;1
63380;10330;420;OO;SAN;LAX;2;1
10960;9400;820;US;PHL;RDU;7;1
30970;7500;1370;XE;EWR;IND;3;1
44900;11450;850;MQ;BOS;LGA;3;1
52560;9350;800;EV;VPS;ATL;1;1
10220;12200;680;US;CLT;RIC;4;1
39670;4700;950;MQ;ORD;OMA;3;1
50900;11350;1320;EV;ATL;MSN;5;1
28140;11200;1500;WN;TPA;ISP;6;1
66680;6080;1130;OO;DEN;FAR;2;1
50870;3950;580;EV;MLU;MEM;7;1
1160;8070;960;DL;TPA;ATL;1;1
39040;10250;800;MQ;ORD;CLE;4;1
65460;5390;740;OO;MFR;PDX;6;1
72510;7400;1010;YV;ORD;MEM;1;1
13870;8800;2500;AA;ORD;LAS;3;1
23950;5700;800;XE;JAN;IAH;5;1
37620;3700;1050;WN;MSP;STL;1;1
39860;7110;760;9E;DSM;MSP;1;1
12310;6270;1020;DL;PDX;SLC;6;1
3880;4250;800;WN;ELP;PHX;4;1
1120;900;2000;AS;ANC;SEA;7;1
2330;8020;850;FL;ATL;RIC;4;1
10250;9750;1210;US;CLT;MIA;5;1
17800;6750;3120;CO;SEA;EWR;1;1
5840;10340;1730;B6;FLL;HPN;6;1
23140;8950;700;WN;SAN;TUS;6;1
12770;13650;670;DL;ATL;CHS;3;1
66230;12140;960;OO;SFO;MFR;3;1
9950;6400;1550;WN;LGA;MDW;1;1
800;7230;1550;DL;MCO;JFK;3;1
10900;7300;980;DL;ATL;IND;7;1
17630;8450;800;WN;PHL;RDU;7;1
2250;6700;2100;DL;ATL;DEN;5;1
10140;8900;2400;AA;SEA;ORD;4;1
5390;10950;1800;AA;DFW;LAS;4;1
71150;10270;870;EV;IAD;CAE;1;1
9280;4800;2800;WN;CMH;LAS;2;1
52510;9660;1040;EV;BMI;ATL;1;1
3880;5300;700;WN;PHX;SAN;4;1
47420;9400;920;OO;RAP;MSP;5;1
39530;12000;1100;WN;BWI;IND;5;1
11420;7150;800;WN;BWI;BOS;2;1
20130;11400;2400;AA;ORD;LAS;2;1
26280;10100;1100;DL;ORD;MEM;3;1
410;5600;1650;WN;SEA;ABQ;1;1
43250;8750;1200;9E;RDU;TPA;2;1
41110;12000;1150;MQ;ORD;CLT;3;1
40060;8550;950;MQ;ORD;CHA;2;1
42560;8350;780;9E;DTW;ELM;5;1
1460;7950;850;WN;OAK;LAS;5;1
14410;12270;960;DL;ATL;LIT;4;1
10230;7300;950;WN;ABQ;DAL;7;1
10360;9160;2190;DL;SLC;ATL;6;1
22310;9850;1230;DL;LGA;DTW;1;1
15440;6150;1620;CO;IAH;CLE;5;1
3010;8050;1860;CO;EWR;FLL;5;1
11710;10600;1250;WN;SEA;OAK;2;1
26410;5160;2110;XE;EWR;MCI;1;1
37190;8300;880;9E;MSN;DTW;6;1
9100;4800;950;WN;DEN;SLC;3;1
15990;5600;2050;WN;LAX;STL;5;1
1660;7450;2200;WN;SEA;STL;1;1
6590;6000;3900;US;PHL;SFO;1;1
30390;7950;1190;XE;ABQ;IAH;4;1
1940;7680;610;UA;EGE;DEN;7;1
16850;11000;1050;WN;PDX;SJC;4;1
41520;11350;1090;9E;MEM;GRR;3;1
30440;7250;1400;MQ;LAX;DEN;6;1
7160;6850;2430;B6;SJU;JFK;2;1
38200;8140;560;9E;AZO;DTW;3;1
66630;7300;1730;OO;DEN;EUG;4;1
65010;7000;1200;OH;RDU;MCO;6;1
3250;4750;810;DL;IND;DTW;5;1
35890;6550;1150;WN;SFO;PHX;2;1
17230;5700;2220;CO;IAH;ONT;3;1
50040;9920;970;EV;OAJ;ATL;4;1
38680;9300;680;9E;DTW;TVC;3;1
24840;7690;1990;XE;EWR;MCI;4;1
53960;10760;930;EV;GNV;ATL;1;1
11790;4050;1600;CO;EWR;ORD;4;1
37530;6550;1170;9E;MKE;MEM;3;1
7280;7550;2000;AA;DFW;LGA;4;1
4280;9500;1650;WN;BWI;LIT;5;1
9520;3600;1570;US;FLL;PHL;7;1
2590;12300;1500;WN;DEN;GEG;1;1
21320;5520;910;DL;ORD;MSP;3;1
3870;7200;3690;CO;EWR;SNA;4;1
67260;6820;930;OO;DEN;JAC;5;1
9880;3900;1130;UA;OKC;DEN;2;1
5820;10950;2550;WN;MCO;DEN;3;1
2850;10880;650;B6;LAS;LGB;1;1
5600;4000;1370;AS;PDX;LAX;4;1
4690;9650;700;WN;SJC;ONT;5;1
30740;8200;2050;WN;MHT;MCO;2;1
6270;5500;2100;AA;BOS;MIA;2;1
28990;10900;1560;XE;EWR;ATL;2;1
45150;6750;1950;OO;SLC;ORD;5;1
71350;3700;700;EV;GSO;IAD;1;1
54140;4150;930;EV;DCA;BOS;2;1
66650;9710;970;OO;MOT;DEN;2;1
44860;12000;800;MQ;JFK;BOS;5;1
19150;13000;2590;DL;ATL;PHX;7;1
11520;14050;3110;DL;HNL;SFO;5;1
2790;5500;1000;WN;LIT;MDW;7;1
11300;9450;850;DL;MEM;ATL;7;1
17230;5700;2220;CO;IAH;ONT;5;1
44540;8400;1600;OO;FCA;MSP;4;1
410;9150;3600;CO;EWR;LAX;6;1
6220;9650;700;US;PHX;LAS;2;1
6440;11350;1620;CO;IAH;CLE;3;1
4380;10630;2370;UA;LAX;ORD;7;1
8940;9350;750;WN;BWI;MHT;1;1
2850;9900;3400;US;JFK;PHX;6;1
38460;4750;920;9E;ATL;CLT;7;1
23550;9150;750;XE;CLE;ALB;1;1
17460;8470;2130;DL;PHX;ATL;4;1
17670;7700;1900;AA;DFW;PSP;4;1
14690;9850;1440;US;PHL;ATL;1;1
1340;9950;1300;WN;TPA;BWI;1;1
3010;8090;1790;CO;EWR;FLL;3;1
8370;11900;700;WN;SAN;PHX;5;1
3240;5110;2890;UA;LAX;IAD;2;1
23310;10750;1260;XE;BNA;IAH;2;1
670;9800;900;DL;ATL;TPA;3;1
39170;9760;1030;9E;BTV;JFK;3;1
47570;3900;950;OO;PSC;SLC;1;1
67470;6440;480;OO;SMF;SFO;1;1
100;5100;550;WN;HOU;DAL;2;1
2050;9200;1060;DL;MSP;DTW;7;1
21770;9600;1450;XE;TPA;IAH;3;1
20470;11400;960;US;BOS;DCA;7;1
9980;11850;650;WN;BWI;RDU;1;1
5580;10140;1640;CO;IAH;DCA;6;1
62520;6860;590;OO;FAT;SFO;7;1
28240;9740;450;YV;PHX;TUS;1;1
140;8050;2860;US;PHX;JFK;4;1
7940;6900;3650;WN;BOS;PHX;5;1
2460;9450;1650;CO;IAH;ORD;4;1
34210;8350;1650;WN;DEN;SFO;3;1
24440;11350;1240;DL;CVG;BOS;3;1
1300;4400;1750;WN;OMA;PHX;3;1
36690;11850;650;WN;LAS;BUR;3;1
6500;7450;800;WN;LAX;SFO;3;1
2080;14150;2270;CO;PDX;IAH;1;1
23960;10350;1240;XE;EWR;DTW;2;1
68820;7010;1360;OO;RDM;DEN;4;1
67080;10570;1150;OO;SFO;OTH;3;1
21470;10200;650;WN;SNA;LAS;6;1
1380;3750;1150;WN;LAS;DEN;7;1
720;12250;1680;US;SEA;PHX;7;1
4700;9150;1300;WN;OAK;ABQ;5;1
17600;11600;1650;B6;SJU;FLL;6;1
8350;9000;1450;AA;IND;DFW;3;1
4920;12100;1580;AS;SEA;SAN;5;1
65560;9050;1390;OH;CVG;MSY;1;1
8270;5400;1450;WN;PHL;BNA;4;1
30500;9950;2600;WN;LAS;BUF;2;1
22850;11050;1650;WN;MDW;DEN;5;1
4330;7560;1210;FL;MKE;ATL;5;1
8110;9900;2350;CO;EWR;IAH;4;1
13560;11300;650;WN;MDW;STL;4;1
3830;10050;1150;AA;STL;DFW;3;1
5110;12250;3920;UA;JFK;LAX;2;1
24480;8250;1800;AA;LAX;DFW;2;1
1700;10310;840;UA;LAX;SFO;1;1
4750;9450;1750;WN;OMA;PHX;4;1
72910;5440;830;YV;LGA;IAD;4;1
9630;9290;850;UA;ORD;MSP;7;1
3220;8750;1300;WN;HOU;MCO;4;1
950;10150;4000;B6;JFK;OAK;3;1
14710;12000;1040;US;CLT;TPA;6;1
52850;12270;1040;EV;ATL;LIT;7;1
7420;12250;1200;WN;DEN;STL;5;1
9860;11450;750;WN;SJC;SNA;4;1
28550;7950;700;MQ;DFW;HOU;5;1
3630;13250;1330;UA;IAD;ORD;4;1
18030;10150;1750;AA;DFW;LAS;5;1
49960;8910;730;EV;ATL;CHS;5;1
27150;8150;2550;DL;ATL;PHX;7;1
11940;12350;1750;AA;MIA;BDL;4;1
27040;7000;1300;MQ;DFW;MSN;5;1
65980;4420;430;OO;SFO;SMF;5;1
38420;3650;700;WN;LAS;PHX;1;1
63580;11220;440;OO;LAX;SBA;1;1
10940;8200;790;US;PHL;RDU;1;1
29800;6250;750;YV;SNA;PHX;3;1
10700;13710;680;DL;ATL;JAX;3;1
5440;9070;1710;B6;PBI;EWR;4;1
1820;6910;510;HA;HNL;ITO;1;1
10;4850;1870;B6;JFK;FLL;5;1
62710;3900;510;OO;ORD;FWA;7;1
2490;9750;700;WN;LIT;STL;4;1
3270;6350;1650;WN;LAS;SEA;2;1
2600;8910;520;HA;HNL;ITO;1;1
25430;8600;880;DL;CLT;ATL;7;1
15780;6200;800;FL;ATL;UTM;7;1
26990;6850;2040;DL;MSP;PHX;3;1
26640;10700;910;YV;CLT;MDT;1;1
36200;4450;1550;MQ;ORF;MIA;3;1
1620;4050;1870;CO;ONT;IAH;3;1
13100;11800;830;B6;IAD;JFK;2;1
40750;7250;420;9E;DTW;FNT;5;1
32460;9250;500;MQ;DFW;GRK;2;1
11980;5500;2400;WN;BNA;PHX;5;1
53070;9370;1220;EV;HOU;ATL;4;1
63110;13600;500;OO;LAX;PSP;4;1
53570;8900;790;EV;ATL;MOB;1;1
59890;11570;1230;XE;ROC;ORD;4;1
30460;7750;1550;XE;MEM;EWR;5;1
23950;9900;900;WN;LAS;SMF;6;1
17830;10250;750;WN;FLL;JAX;3;1
23720;11500;1350;AA;DFW;ORD;3;1
19640;6250;2150;AA;SFO;DFW;2;1
2620;4950;1430;F9;DEN;SNA;2;1
7190;10050;1400;WN;BWI;MCO;7;1
21160;9950;2250;WN;MCI;LAX;2;1
21980;8200;3050;WN;BWI;SLC;4;1
20690;11500;2300;AA;MIA;MSP;7;1
3860;9600;2990;CO;SNA;EWR;3;1
22970;5600;650;XE;MKE;CLE;6;1
16230;11900;3030;US;FLL;PHX;6;1
28910;10100;1200;MQ;DFW;CID;7;1
15860;11300;1350;CO;IAH;MCO;4;1
6890;10250;1660;UA;LGA;ORD;4;1
39330;8200;1060;9E;MEM;OKC;5;1
36590;9150;1700;WN;MDW;AUS;3;1
29640;6800;710;XE;IAH;DFW;3;1
19880;8400;3350;WN;BWI;LAS;5;1
200;6600;550;WN;HOU;DAL;5;1
8610;9300;1350;WN;PHL;MDW;7;1
20940;10400;1500;AA;DFW;MCO;6;1
12670;6400;1100;WN;MDW;BWI;5;1
26050;10450;2450;DL;MSP;SFO;5;1
16510;8450;1720;US;PHL;MIA;2;1
28760;7350;950;MQ;SAF;DFW;5;1
13720;9200;3200;WN;RDU;LAS;1;1
13820;12550;1700;AA;MIA;EWR;3;1
40880;4650;1140;9E;MSP;CVG;4;1
7780;6600;900;WN;LAS;SJC;1;1
25820;11550;1530;DL;MCO;BDL;4;1
24440;6840;2260;DL;LAS;CVG;4;1
41380;11750;1050;MQ;PIT;ORD;1;1
5660;9300;2490;CO;SEA;IAH;7;1
49750;5750;1000;EV;CVG;ATL;3;1
6850;9020;1580;UA;LGA;ORD;4;1
17230;11000;1220;US;CLT;FLL;5;1
46480;10400;1000;MQ;RDU;LGA;1;1
22480;11400;1600;XE;MEM;EWR;4;1
33950;8800;700;WN;SAN;LAS;4;1
5830;5900;850;WN;SMF;SAN;6;1
26800;11950;630;YV;CLT;CHS;2;1
8510;5400;3760;AS;SEA;HNL;4;1
6980;11550;570;UA;ORD;GRR;6;1
4620;7200;1480;AS;SEA;LAX;6;1
11740;11000;1420;CO;ORD;EWR;2;1
70970;3600;820;EV;CMH;ORD;4;1
19010;7500;1600;AA;DFW;MIA;3;1
9370;10580;2390;UA;IAD;DEN;7;1
20320;11600;990;DL;ORD;MSP;3;1
15270;5750;2100;WN;LAS;MKE;6;1
12440;10500;800;WN;BWI;MHT;2;1
43430;4050;850;MQ;ORD;DTW;5;1
21250;5150;900;WN;DAL;BHM;6;1
6180;10250;2450;AA;SFO;ORD;2;1
17260;12300;750;WN;LAX;PHX;1;1
22580;9900;1520;XE;AVL;IAH;1;1
13270;10600;920;B6;BOS;BWI;3;1
18140;6650;2500;DL;LAX;CVG;3;1
12070;7550;1050;WN;BNA;MCO;2;1
7030;12600;1690;UA;ORD;IAH;4;1
64520;6200;1030;OH;DTW;IAD;5;1
3770;8090;1820;B6;LGA;FLL;7;1
53260;9900;720;EV;TRI;ATL;2;1
43640;5200;690;9E;DTW;TVC;7;1
25270;8950;1700;AA;DFW;SLC;1;1
54400;8980;760;EV;ATL;GNV;2;1
3350;6910;1380;FL;PHL;ATL;5;1
350;5530;3250;UA;SFO;OGG;3;1
5260;9050;850;WN;PHX;BUR;2;1
7680;4500;3420;CO;EWR;LAS;3;1
47780;10340;1140;OO;SEA;SLC;3;1
16150;11550;1100;WN;MDW;BWI;5;1
23750;3850;1840;XE;GSO;IAH;3;1
42720;3600;900;9E;ECP;MEM;1;1
1730;9850;3450;CO;LAX;HNL;6;1
12990;6950;1200;DL;SLC;LAX;6;1
12150;10490;3260;DL;BOS;SLC;6;1
16720;9850;1000;WN;DAL;STL;7;1
78020;6600;610;OO;SLC;TWF;3;1
20980;10520;1370;DL;SAT;ATL;7;1
1010;6220;2520;DL;LAX;ATL;7;1
8800;13650;720;US;PHL;BOS;2;1
24070;10200;1700;AA;DFW;JAC;7;1
3400;8070;1310;UA;ONT;DEN;4;1
